Date,Food item,Qty,Temperature,Precipitation
2010-01-01,CHICKEN MANDI,30,21,1.0
2010-01-02,CHICKEN MANDI,12,18,27.0
2010-01-03,CHICKEN MANDI,10,27,8.1
2010-01-04,CHICKEN MANDI,44,29,29.9
2010-01-05,CHICKEN MANDI,11,25,0.8
2010-01-06,CHICKEN MANDI,15,22,18.6
2010-01-07,CHICKEN MANDI,16,27,25.0
2010-01-08,CHICKEN MANDI,17,19,9.1
2010-01-09,CHICKEN MANDI,26,21,7.0
2010-01-10,CHICKEN MANDI,2,24,3.5
2010-01-11,CHICKEN MANDI,50,17,11.2
2010-01-12,CHICKEN MANDI,12,21,18.7
2010-01-13,CHICKEN MANDI,51,25,4.5
2010-01-14,CHICKEN MANDI,26,25,12.9
2010-01-15,CHICKEN MANDI,23,22,1.1
2010-01-16,CHICKEN MANDI,18,19,27.0
2010-01-17,CHICKEN MANDI,32,18,4.9
2010-01-18,CHICKEN MANDI,49,22,9.9
2010-01-19,CHICKEN MANDI,38,22,1.4
2010-01-20,CHICKEN MANDI,47,17,14.6
2010-01-21,CHICKEN MANDI,3,20,27.7
2010-01-22,CHICKEN MANDI,38,19,13.3
2010-01-23,CHICKEN MANDI,3,16,6.5
2010-01-24,CHICKEN MANDI,30,22,24.9
2010-01-25,CHICKEN MANDI,1,26,26.0
2010-01-26,CHICKEN MANDI,30,28,6.4
2010-01-27,CHICKEN MANDI,45,20,25.5
2010-01-28,CHICKEN MANDI,32,16,31.1
2010-01-29,CHICKEN MANDI,28,26,6.1
2010-01-30,CHICKEN MANDI,21,19,25.5
2010-01-31,CHICKEN MANDI,46,15,23.5
2010-02-01,CHICKEN MANDI,13,26,16.0
2010-02-02,CHICKEN MANDI,27,24,2.7
2010-02-03,CHICKEN MANDI,36,20,3.2
2010-02-04,CHICKEN MANDI,7,27,28.1
2010-02-05,CHICKEN MANDI,22,26,32.5
2010-02-06,CHICKEN MANDI,10,23,22.4
2010-02-07,CHICKEN MANDI,39,15,15.1
2010-02-08,CHICKEN MANDI,15,25,21.5
2010-02-09,CHICKEN MANDI,15,25,19.8
2010-02-10,CHICKEN MANDI,4,29,13.1
2010-02-11,CHICKEN MANDI,32,24,2.9
2010-02-12,CHICKEN MANDI,23,26,27.1
2010-02-13,CHICKEN MANDI,6,26,12.7
2010-02-14,CHICKEN MANDI,24,29,27.0
2010-02-15,CHICKEN MANDI,20,28,8.9
2010-02-16,CHICKEN MANDI,37,28,0.8
2010-02-17,CHICKEN MANDI,20,29,5.9
2010-02-18,CHICKEN MANDI,12,28,15.8
2010-02-19,CHICKEN MANDI,33,17,31.0
2010-02-20,CHICKEN MANDI,28,26,4.1
2010-02-21,CHICKEN MANDI,8,21,28.1
2010-02-22,CHICKEN MANDI,1,18,17.7
2010-02-23,CHICKEN MANDI,37,23,27.2
2010-02-24,CHICKEN MANDI,22,17,10.3
2010-02-25,CHICKEN MANDI,6,19,27.7
2010-02-26,CHICKEN MANDI,21,17,25.5
2010-02-27,CHICKEN MANDI,32,21,8.2
2010-02-28,CHICKEN MANDI,35,19,5.0
2010-03-01,CHICKEN MANDI,15,23,28.6
2010-03-02,CHICKEN MANDI,5,21,31.6
2010-03-03,CHICKEN MANDI,46,16,1.8
2010-03-04,CHICKEN MANDI,50,18,24.2
2010-03-05,CHICKEN MANDI,48,23,29.9
2010-03-06,CHICKEN MANDI,6,26,28.2
2010-03-07,CHICKEN MANDI,25,28,31.7
2010-03-08,CHICKEN MANDI,46,16,25.1
2010-03-09,CHICKEN MANDI,40,24,15.0
2010-03-10,CHICKEN MANDI,29,23,10.8
2010-03-11,CHICKEN MANDI,7,24,11.1
2010-03-12,CHICKEN MANDI,40,19,24.0
2010-03-13,CHICKEN MANDI,13,16,24.7
2010-03-14,CHICKEN MANDI,38,18,7.2
2010-03-15,CHICKEN MANDI,18,26,28.6
2010-03-16,CHICKEN MANDI,2,29,23.7
2010-03-17,CHICKEN MANDI,8,26,18.8
2010-03-18,CHICKEN MANDI,11,21,15.9
2010-03-19,CHICKEN MANDI,33,26,18.2
2010-03-20,CHICKEN MANDI,38,27,5.9
2010-03-21,CHICKEN MANDI,48,22,7.3
2010-03-22,CHICKEN MANDI,27,29,3.7
2010-03-23,CHICKEN MANDI,20,17,5.7
2010-03-24,CHICKEN MANDI,12,28,15.3
2010-03-25,CHICKEN MANDI,43,15,17.8
2010-03-26,CHICKEN MANDI,31,18,1.4
2010-03-27,CHICKEN MANDI,27,16,26.3
2010-03-28,CHICKEN MANDI,32,22,10.2
2010-03-29,CHICKEN MANDI,10,18,30.0
2010-03-30,CHICKEN MANDI,3,16,31.8
2010-03-31,CHICKEN MANDI,45,28,6.7
2010-04-01,CHICKEN MANDI,27,20,15.6
2010-04-02,CHICKEN MANDI,35,20,0.8
2010-04-03,CHICKEN MANDI,31,24,19.9
2010-04-04,CHICKEN MANDI,15,18,20.2
2010-04-05,CHICKEN MANDI,16,20,8.7
2010-04-06,CHICKEN MANDI,13,27,18.7
2010-04-07,CHICKEN MANDI,49,29,8.0
2010-04-08,CHICKEN MANDI,35,16,5.9
2010-04-09,CHICKEN MANDI,52,24,21.6
2010-04-10,CHICKEN MANDI,11,26,11.2
2010-04-11,CHICKEN MANDI,21,16,19.7
2010-04-12,CHICKEN MANDI,51,24,14.7
2010-04-13,CHICKEN MANDI,11,28,32.3
2010-04-14,CHICKEN MANDI,30,18,5.6
2010-04-15,CHICKEN MANDI,48,28,15.7
2010-04-16,CHICKEN MANDI,35,29,22.6
2010-04-17,CHICKEN MANDI,22,29,13.5
2010-04-18,CHICKEN MANDI,38,22,32.0
2010-04-19,CHICKEN MANDI,31,28,23.9
2010-04-20,CHICKEN MANDI,14,21,21.8
2010-04-21,CHICKEN MANDI,24,26,25.0
2010-04-22,CHICKEN MANDI,50,23,31.3
2010-04-23,CHICKEN MANDI,49,28,29.9
2010-04-24,CHICKEN MANDI,32,22,24.0
2010-04-25,CHICKEN MANDI,36,19,24.8
2010-04-26,CHICKEN MANDI,32,27,5.5
2010-04-27,CHICKEN MANDI,15,16,4.1
2010-04-28,CHICKEN MANDI,43,29,19.1
2010-04-29,CHICKEN MANDI,35,19,1.4
2010-04-30,CHICKEN MANDI,3,22,16.2
2010-05-01,CHICKEN MANDI,16,24,7.5
2010-05-02,CHICKEN MANDI,5,23,11.9
2010-05-03,CHICKEN MANDI,21,26,25.6
2010-05-04,CHICKEN MANDI,10,26,30.9
2010-05-05,CHICKEN MANDI,19,26,3.1
2010-05-06,CHICKEN MANDI,25,27,17.9
2010-05-07,CHICKEN MANDI,4,23,29.0
2010-05-08,CHICKEN MANDI,29,27,3.4
2010-05-09,CHICKEN MANDI,19,29,27.2
2010-05-10,CHICKEN MANDI,43,27,12.2
2010-05-11,CHICKEN MANDI,2,15,11.1
2010-05-12,CHICKEN MANDI,10,23,32.1
2010-05-13,CHICKEN MANDI,43,21,7.2
2010-05-14,CHICKEN MANDI,25,23,23.0
2010-05-15,CHICKEN MANDI,20,22,27.1
2010-05-16,CHICKEN MANDI,48,15,2.1
2010-05-17,CHICKEN MANDI,19,26,22.3
2010-05-18,CHICKEN MANDI,23,22,31.2
2010-05-19,CHICKEN MANDI,24,22,4.8
2010-05-20,CHICKEN MANDI,11,29,29.5
2010-05-21,CHICKEN MANDI,46,25,19.8
2010-05-22,CHICKEN MANDI,34,17,20.5
2010-05-23,CHICKEN MANDI,28,15,20.4
2010-05-24,CHICKEN MANDI,5,22,10.4
2010-05-25,CHICKEN MANDI,5,17,30.7
2010-05-26,CHICKEN MANDI,51,17,31.1
2010-05-27,CHICKEN MANDI,21,15,20.8
2010-05-28,CHICKEN MANDI,12,25,25.9
2010-05-29,CHICKEN MANDI,50,19,20.4
2010-05-30,CHICKEN MANDI,4,24,16.3
2010-05-31,CHICKEN MANDI,49,21,21.9
2010-06-01,CHICKEN MANDI,42,24,18.5
2010-06-02,CHICKEN MANDI,20,23,19.9
2010-06-03,CHICKEN MANDI,38,26,25.9
2010-06-04,CHICKEN MANDI,25,21,16.2
2010-06-05,CHICKEN MANDI,14,23,2.1
2010-06-06,CHICKEN MANDI,11,22,6.0
2010-06-07,CHICKEN MANDI,32,26,14.8
2010-06-08,CHICKEN MANDI,11,16,24.0
2010-06-09,CHICKEN MANDI,18,15,19.8
2010-06-10,CHICKEN MANDI,27,21,21.6
2010-06-11,CHICKEN MANDI,18,21,16.1
2010-06-12,CHICKEN MANDI,23,28,20.5
2010-06-13,CHICKEN MANDI,11,22,11.3
2010-06-14,CHICKEN MANDI,21,19,15.8
2010-06-15,CHICKEN MANDI,44,17,24.6
2010-06-16,CHICKEN MANDI,5,26,28.7
2010-06-17,CHICKEN MANDI,23,22,14.7
2010-06-18,CHICKEN MANDI,41,20,2.2
2010-06-19,CHICKEN MANDI,25,25,6.0
2010-06-20,CHICKEN MANDI,41,17,1.5
2010-06-21,CHICKEN MANDI,10,15,21.7
2010-06-22,CHICKEN MANDI,22,17,11.4
2010-06-23,CHICKEN MANDI,19,19,18.2
2010-06-24,CHICKEN MANDI,1,29,16.6
2010-06-25,CHICKEN MANDI,7,28,3.4
2010-06-26,CHICKEN MANDI,4,17,13.7
2010-06-27,CHICKEN MANDI,1,15,7.9
2010-06-28,CHICKEN MANDI,15,19,14.2
2010-06-29,CHICKEN MANDI,40,24,7.3
2010-06-30,CHICKEN MANDI,12,21,27.7
2010-07-01,CHICKEN MANDI,22,29,6.4
2010-07-02,CHICKEN MANDI,22,28,31.5
2010-07-03,CHICKEN MANDI,50,21,14.1
2010-07-04,CHICKEN MANDI,47,25,27.9
2010-07-05,CHICKEN MANDI,17,23,20.9
2010-07-06,CHICKEN MANDI,29,29,24.3
2010-07-07,CHICKEN MANDI,46,29,25.4
2010-07-08,CHICKEN MANDI,14,24,17.0
2010-07-09,CHICKEN MANDI,50,24,18.2
2010-07-10,CHICKEN MANDI,20,26,17.2
2010-07-11,CHICKEN MANDI,50,27,19.6
2010-07-12,CHICKEN MANDI,48,17,1.7
2010-07-13,CHICKEN MANDI,33,29,13.5
2010-07-14,CHICKEN MANDI,43,21,20.2
2010-07-15,CHICKEN MANDI,15,15,19.9
2010-07-16,CHICKEN MANDI,12,18,26.2
2010-07-17,CHICKEN MANDI,40,27,21.8
2010-07-18,CHICKEN MANDI,20,18,32.5
2010-07-19,CHICKEN MANDI,30,28,9.9
2010-07-20,CHICKEN MANDI,38,19,12.3
2010-07-21,CHICKEN MANDI,3,21,13.1
2010-07-22,CHICKEN MANDI,28,21,15.7
2010-07-23,CHICKEN MANDI,26,27,27.6
2010-07-24,CHICKEN MANDI,30,29,8.3
2010-07-25,CHICKEN MANDI,13,25,25.6
2010-07-26,CHICKEN MANDI,13,27,13.8
2010-07-27,CHICKEN MANDI,2,18,20.1
2010-07-28,CHICKEN MANDI,37,27,21.0
2010-07-29,CHICKEN MANDI,49,21,12.7
2010-07-30,CHICKEN MANDI,38,25,17.2
2010-07-31,CHICKEN MANDI,2,17,14.0
2010-08-01,CHICKEN MANDI,36,20,3.0
2010-08-02,CHICKEN MANDI,26,26,14.8
2010-08-03,CHICKEN MANDI,11,16,3.9
2010-08-04,CHICKEN MANDI,8,24,13.8
2010-08-05,CHICKEN MANDI,44,27,19.8
2010-08-06,CHICKEN MANDI,40,28,19.3
2010-08-07,CHICKEN MANDI,43,23,22.0
2010-08-08,CHICKEN MANDI,22,19,3.8
2010-08-09,CHICKEN MANDI,20,20,21.7
2010-08-10,CHICKEN MANDI,8,26,10.8
2010-08-11,CHICKEN MANDI,29,26,13.6
2010-08-12,CHICKEN MANDI,40,26,28.3
2010-08-13,CHICKEN MANDI,26,26,1.1
2010-08-14,CHICKEN MANDI,30,18,19.6
2010-08-15,CHICKEN MANDI,17,28,20.0
2010-08-16,CHICKEN MANDI,20,28,13.5
2010-08-17,CHICKEN MANDI,52,25,8.4
2010-08-18,CHICKEN MANDI,16,24,8.3
2010-08-19,CHICKEN MANDI,46,21,29.1
2010-08-20,CHICKEN MANDI,43,26,14.9
2010-08-21,CHICKEN MANDI,7,23,11.4
2010-08-22,CHICKEN MANDI,16,21,15.2
2010-08-23,CHICKEN MANDI,45,28,22.2
2010-08-24,CHICKEN MANDI,47,15,5.5
2010-08-25,CHICKEN MANDI,48,15,15.2
2010-08-26,CHICKEN MANDI,27,23,19.6
2010-08-27,CHICKEN MANDI,23,25,31.2
2010-08-28,CHICKEN MANDI,24,28,8.9
2010-08-29,CHICKEN MANDI,9,23,12.3
2010-08-30,CHICKEN MANDI,35,18,12.9
2010-08-31,CHICKEN MANDI,51,27,20.2
2010-09-01,CHICKEN MANDI,20,23,12.2
2010-09-02,CHICKEN MANDI,37,17,17.9
2010-09-03,CHICKEN MANDI,42,21,25.8
2010-09-04,CHICKEN MANDI,17,20,23.4
2010-09-05,CHICKEN MANDI,47,22,15.1
2010-09-06,CHICKEN MANDI,31,25,28.5
2010-09-07,CHICKEN MANDI,8,23,18.7
2010-09-08,CHICKEN MANDI,15,28,18.1
2010-09-09,CHICKEN MANDI,31,19,1.9
2010-09-10,CHICKEN MANDI,30,15,32.4
2010-09-11,CHICKEN MANDI,46,17,4.7
2010-09-12,CHICKEN MANDI,20,24,8.2
2010-09-13,CHICKEN MANDI,39,26,2.5
2010-09-14,CHICKEN MANDI,12,22,21.3
2010-09-15,CHICKEN MANDI,49,29,8.0
2010-09-16,CHICKEN MANDI,17,25,6.6
2010-09-17,CHICKEN MANDI,42,20,3.6
2010-09-18,CHICKEN MANDI,30,22,4.1
2010-09-19,CHICKEN MANDI,29,23,19.5
2010-09-20,CHICKEN MANDI,19,18,22.8
2010-09-21,CHICKEN MANDI,46,15,13.5
2010-09-22,CHICKEN MANDI,11,28,16.2
2010-09-23,CHICKEN MANDI,34,15,22.8
2010-09-24,CHICKEN MANDI,50,24,1.4
2010-09-25,CHICKEN MANDI,7,18,11.1
2010-09-26,CHICKEN MANDI,44,26,31.9
2010-09-27,CHICKEN MANDI,34,28,19.4
2010-09-28,CHICKEN MANDI,20,21,8.9
2010-09-29,CHICKEN MANDI,50,16,17.5
2010-09-30,CHICKEN MANDI,38,17,11.8
2010-10-01,CHICKEN MANDI,24,15,17.8
2010-10-02,CHICKEN MANDI,10,19,4.8
2010-10-03,CHICKEN MANDI,32,15,5.0
2010-10-04,CHICKEN MANDI,52,22,5.4
2010-10-05,CHICKEN MANDI,15,15,30.9
2010-10-06,CHICKEN MANDI,37,25,24.3
2010-10-07,CHICKEN MANDI,20,15,6.0
2010-10-08,CHICKEN MANDI,3,16,6.8
2010-10-09,CHICKEN MANDI,37,16,24.2
2010-10-10,CHICKEN MANDI,40,26,5.8
2010-10-11,CHICKEN MANDI,8,20,8.3
2010-10-12,CHICKEN MANDI,40,21,31.6
2010-10-13,CHICKEN MANDI,44,19,9.0
2010-10-14,CHICKEN MANDI,23,15,22.0
2010-10-15,CHICKEN MANDI,40,15,32.1
2010-10-16,CHICKEN MANDI,11,17,12.8
2010-10-17,CHICKEN MANDI,46,28,1.4
2010-10-18,CHICKEN MANDI,8,16,8.6
2010-10-19,CHICKEN MANDI,29,19,27.4
2010-10-20,CHICKEN MANDI,30,26,28.5
2010-10-21,CHICKEN MANDI,10,24,25.4
2010-10-22,CHICKEN MANDI,39,20,4.4
2010-10-23,CHICKEN MANDI,28,21,26.3
2010-10-24,CHICKEN MANDI,49,18,30.2
2010-10-25,CHICKEN MANDI,36,21,20.0
2010-10-26,CHICKEN MANDI,13,25,30.9
2010-10-27,CHICKEN MANDI,32,22,27.3
2010-10-28,CHICKEN MANDI,36,25,22.1
2010-10-29,CHICKEN MANDI,37,15,19.3
2010-10-30,CHICKEN MANDI,26,29,12.0
2010-10-31,CHICKEN MANDI,22,20,5.9
2010-11-01,CHICKEN MANDI,4,22,20.2
2010-11-02,CHICKEN MANDI,31,19,11.0
2010-11-03,CHICKEN MANDI,18,18,28.5
2010-11-04,CHICKEN MANDI,38,16,32.6
2010-11-05,CHICKEN MANDI,24,20,24.9
2010-11-06,CHICKEN MANDI,23,20,3.7
2010-11-07,CHICKEN MANDI,22,25,10.0
2010-11-08,CHICKEN MANDI,2,29,4.3
2010-11-09,CHICKEN MANDI,31,15,21.6
2010-11-10,CHICKEN MANDI,11,23,25.3
2010-11-11,CHICKEN MANDI,28,26,30.4
2010-11-12,CHICKEN MANDI,46,25,14.8
2010-11-13,CHICKEN MANDI,32,20,29.6
2010-11-14,CHICKEN MANDI,5,27,28.9
2010-11-15,CHICKEN MANDI,38,17,11.0
2010-11-16,CHICKEN MANDI,10,18,28.6
2010-11-17,CHICKEN MANDI,40,26,12.8
2010-11-18,CHICKEN MANDI,46,25,10.3
2010-11-19,CHICKEN MANDI,24,18,21.6
2010-11-20,CHICKEN MANDI,35,17,11.3
2010-11-21,CHICKEN MANDI,44,24,21.0
2010-11-22,CHICKEN MANDI,48,17,20.3
2010-11-23,CHICKEN MANDI,23,29,18.8
2010-11-24,CHICKEN MANDI,17,17,13.0
2010-11-25,CHICKEN MANDI,1,18,18.4
2010-11-26,CHICKEN MANDI,31,21,19.9
2010-11-27,CHICKEN MANDI,31,18,18.3
2010-11-28,CHICKEN MANDI,42,23,15.0
2010-11-29,CHICKEN MANDI,42,15,1.3
2010-11-30,CHICKEN MANDI,34,22,19.6
2010-12-01,CHICKEN MANDI,9,21,6.2
2010-12-02,CHICKEN MANDI,22,16,21.4
2010-12-03,CHICKEN MANDI,13,22,25.1
2010-12-04,CHICKEN MANDI,25,15,16.8
2010-12-05,CHICKEN MANDI,48,25,18.2
2010-12-06,CHICKEN MANDI,18,26,31.2
2010-12-07,CHICKEN MANDI,51,23,27.9
2010-12-08,CHICKEN MANDI,12,23,30.1
2010-12-09,CHICKEN MANDI,40,16,26.8
2010-12-10,CHICKEN MANDI,17,21,4.3
2010-12-11,CHICKEN MANDI,15,29,5.6
2010-12-12,CHICKEN MANDI,42,28,17.7
2010-12-13,CHICKEN MANDI,15,24,8.7
2010-12-14,CHICKEN MANDI,15,17,16.1
2010-12-15,CHICKEN MANDI,39,21,13.4
2010-12-16,CHICKEN MANDI,13,26,18.4
2010-12-17,CHICKEN MANDI,17,24,24.7
2010-12-18,CHICKEN MANDI,32,23,23.7
2010-12-19,CHICKEN MANDI,9,18,17.5
2010-12-20,CHICKEN MANDI,40,26,27.1
2010-12-21,CHICKEN MANDI,20,15,14.6
2010-12-22,CHICKEN MANDI,26,16,29.5
2010-12-23,CHICKEN MANDI,27,15,3.1
2010-12-24,CHICKEN MANDI,21,28,31.3
2010-12-25,CHICKEN MANDI,18,26,21.8
2010-12-26,CHICKEN MANDI,13,19,13.0
2010-12-27,CHICKEN MANDI,16,19,7.1
2010-12-28,CHICKEN MANDI,9,25,16.1
2010-12-29,CHICKEN MANDI,12,21,7.0
2010-12-30,CHICKEN MANDI,44,23,6.1
2010-12-31,CHICKEN MANDI,38,23,20.6
2011-01-01,CHICKEN MANDI,19,17,17.5
2011-01-02,CHICKEN MANDI,7,17,22.2
2011-01-03,CHICKEN MANDI,35,17,30.5
2011-01-04,CHICKEN MANDI,48,18,17.8
2011-01-05,CHICKEN MANDI,18,22,19.4
2011-01-06,CHICKEN MANDI,16,20,3.7
2011-01-07,CHICKEN MANDI,39,22,23.8
2011-01-08,CHICKEN MANDI,4,15,13.6
2011-01-09,CHICKEN MANDI,25,22,32.1
2011-01-10,CHICKEN MANDI,32,18,27.1
2011-01-11,CHICKEN MANDI,40,25,17.5
2011-01-12,CHICKEN MANDI,13,15,4.7
2011-01-13,CHICKEN MANDI,45,22,28.3
2011-01-14,CHICKEN MANDI,17,18,26.4
2011-01-15,CHICKEN MANDI,49,20,6.7
2011-01-16,CHICKEN MANDI,37,22,10.2
2011-01-17,CHICKEN MANDI,6,18,26.2
2011-01-18,CHICKEN MANDI,19,28,6.7
2011-01-19,CHICKEN MANDI,13,17,30.2
2011-01-20,CHICKEN MANDI,26,28,14.4
2011-01-21,CHICKEN MANDI,14,23,3.6
2011-01-22,CHICKEN MANDI,31,17,26.9
2011-01-23,CHICKEN MANDI,4,23,12.8
2011-01-24,CHICKEN MANDI,39,27,17.6
2011-01-25,CHICKEN MANDI,8,16,4.4
2011-01-26,CHICKEN MANDI,25,28,0.9
2011-01-27,CHICKEN MANDI,13,16,21.2
2011-01-28,CHICKEN MANDI,32,16,17.3
2011-01-29,CHICKEN MANDI,38,20,19.8
2011-01-30,CHICKEN MANDI,38,17,26.2
2011-01-31,CHICKEN MANDI,28,27,21.5
2011-02-01,CHICKEN MANDI,30,23,6.4
2011-02-02,CHICKEN MANDI,3,18,12.3
2011-02-03,CHICKEN MANDI,28,15,29.8
2011-02-04,CHICKEN MANDI,3,18,25.4
2011-02-05,CHICKEN MANDI,45,15,18.6
2011-02-06,CHICKEN MANDI,34,28,9.0
2011-02-07,CHICKEN MANDI,16,19,10.5
2011-02-08,CHICKEN MANDI,22,18,24.2
2011-02-09,CHICKEN MANDI,32,22,28.0
2011-02-10,CHICKEN MANDI,38,22,22.3
2011-02-11,CHICKEN MANDI,8,21,26.7
2011-02-12,CHICKEN MANDI,8,17,25.3
2011-02-13,CHICKEN MANDI,6,15,5.6
2011-02-14,CHICKEN MANDI,14,15,14.4
2011-02-15,CHICKEN MANDI,32,26,5.7
2011-02-16,CHICKEN MANDI,35,25,8.3
2011-02-17,CHICKEN MANDI,10,17,28.6
2011-02-18,CHICKEN MANDI,3,20,15.9
2011-02-19,CHICKEN MANDI,12,21,17.9
2011-02-20,CHICKEN MANDI,49,20,6.5
2011-02-21,CHICKEN MANDI,31,28,10.8
2011-02-22,CHICKEN MANDI,29,28,8.2
2011-02-23,CHICKEN MANDI,5,20,7.4
2011-02-24,CHICKEN MANDI,52,20,21.2
2011-02-25,CHICKEN MANDI,25,27,9.0
2011-02-26,CHICKEN MANDI,41,17,21.0
2011-02-27,CHICKEN MANDI,31,20,2.7
2011-02-28,CHICKEN MANDI,21,22,5.3
2011-03-01,CHICKEN MANDI,20,25,9.6
2011-03-02,CHICKEN MANDI,39,25,19.9
2011-03-03,CHICKEN MANDI,22,16,22.4
2011-03-04,CHICKEN MANDI,4,19,15.0
2011-03-05,CHICKEN MANDI,13,28,15.1
2011-03-06,CHICKEN MANDI,45,15,24.0
2011-03-07,CHICKEN MANDI,42,26,1.3
2011-03-08,CHICKEN MANDI,50,29,11.7
2011-03-09,CHICKEN MANDI,49,15,27.0
2011-03-10,CHICKEN MANDI,20,19,20.1
2011-03-11,CHICKEN MANDI,52,26,11.6
2011-03-12,CHICKEN MANDI,13,27,29.8
2011-03-13,CHICKEN MANDI,17,17,25.5
2011-03-14,CHICKEN MANDI,36,18,9.3
2011-03-15,CHICKEN MANDI,33,17,21.4
2011-03-16,CHICKEN MANDI,1,15,19.9
2011-03-17,CHICKEN MANDI,15,15,13.6
2011-03-18,CHICKEN MANDI,13,26,12.5
2011-03-19,CHICKEN MANDI,17,26,11.8
2011-03-20,CHICKEN MANDI,24,28,20.5
2011-03-21,CHICKEN MANDI,8,27,15.0
2011-03-22,CHICKEN MANDI,50,28,27.4
2011-03-23,CHICKEN MANDI,27,19,22.2
2011-03-24,CHICKEN MANDI,45,20,3.0
2011-03-25,CHICKEN MANDI,23,17,21.3
2011-03-26,CHICKEN MANDI,46,26,9.5
2011-03-27,CHICKEN MANDI,8,23,19.8
2011-03-28,CHICKEN MANDI,8,19,22.6
2011-03-29,CHICKEN MANDI,26,22,8.2
2011-03-30,CHICKEN MANDI,47,27,15.4
2011-03-31,CHICKEN MANDI,13,15,6.9
2011-04-01,CHICKEN MANDI,39,28,2.5
2011-04-02,CHICKEN MANDI,37,19,12.9
2011-04-03,CHICKEN MANDI,49,29,12.4
2011-04-04,CHICKEN MANDI,28,17,32.7
2011-04-05,CHICKEN MANDI,25,26,15.1
2011-04-06,CHICKEN MANDI,16,15,11.5
2011-04-07,CHICKEN MANDI,2,18,19.4
2011-04-08,CHICKEN MANDI,18,29,3.6
2011-04-09,CHICKEN MANDI,17,27,31.6
2011-04-10,CHICKEN MANDI,30,19,21.1
2011-04-11,CHICKEN MANDI,39,21,25.0
2011-04-12,CHICKEN MANDI,13,15,6.3
2011-04-13,CHICKEN MANDI,32,17,13.9
2011-04-14,CHICKEN MANDI,50,16,14.3
2011-04-15,CHICKEN MANDI,29,23,27.1
2011-04-16,CHICKEN MANDI,46,24,0.8
2011-04-17,CHICKEN MANDI,30,29,10.4
2011-04-18,CHICKEN MANDI,18,20,32.2
2011-04-19,CHICKEN MANDI,13,24,16.0
2011-04-20,CHICKEN MANDI,43,17,13.0
2011-04-21,CHICKEN MANDI,21,22,4.6
2011-04-22,CHICKEN MANDI,30,28,32.0
2011-04-23,CHICKEN MANDI,21,22,1.4
2011-04-24,CHICKEN MANDI,48,16,24.4
2011-04-25,CHICKEN MANDI,17,29,25.4
2011-04-26,CHICKEN MANDI,40,20,8.6
2011-04-27,CHICKEN MANDI,19,21,22.3
2011-04-28,CHICKEN MANDI,52,16,3.8
2011-04-29,CHICKEN MANDI,15,29,9.0
2011-04-30,CHICKEN MANDI,9,25,26.0
2011-05-01,CHICKEN MANDI,52,24,28.5
2011-05-02,CHICKEN MANDI,10,16,20.3
2011-05-03,CHICKEN MANDI,44,24,17.0
2011-05-04,CHICKEN MANDI,31,15,5.9
2011-05-05,CHICKEN MANDI,23,22,2.8
2011-05-06,CHICKEN MANDI,52,15,4.6
2011-05-07,CHICKEN MANDI,30,23,8.1
2011-05-08,CHICKEN MANDI,33,25,11.7
2011-05-09,CHICKEN MANDI,52,20,13.0
2011-05-10,CHICKEN MANDI,9,21,11.9
2011-05-11,CHICKEN MANDI,47,27,8.4
2011-05-12,CHICKEN MANDI,1,24,17.1
2011-05-13,CHICKEN MANDI,44,21,27.2
2011-05-14,CHICKEN MANDI,35,24,9.8
2011-05-15,CHICKEN MANDI,11,17,31.0
2011-05-16,CHICKEN MANDI,34,16,28.7
2011-05-17,CHICKEN MANDI,16,23,6.0
2011-05-18,CHICKEN MANDI,9,22,26.0
2011-05-19,CHICKEN MANDI,32,27,19.2
2011-05-20,CHICKEN MANDI,15,26,18.9
2011-05-21,CHICKEN MANDI,12,24,13.3
2011-05-22,CHICKEN MANDI,33,21,16.8
2011-05-23,CHICKEN MANDI,45,23,13.5
2011-05-24,CHICKEN MANDI,14,18,18.1
2011-05-25,CHICKEN MANDI,8,27,20.9
2011-05-26,CHICKEN MANDI,8,18,22.4
2011-05-27,CHICKEN MANDI,27,15,17.8
2011-05-28,CHICKEN MANDI,12,22,23.9
2011-05-29,CHICKEN MANDI,1,28,5.3
2011-05-30,CHICKEN MANDI,43,28,7.6
2011-05-31,CHICKEN MANDI,40,26,27.0
2011-06-01,CHICKEN MANDI,42,17,11.1
2011-06-02,CHICKEN MANDI,51,21,1.5
2011-06-03,CHICKEN MANDI,11,29,5.7
2011-06-04,CHICKEN MANDI,39,26,8.0
2011-06-05,CHICKEN MANDI,43,16,31.4
2011-06-06,CHICKEN MANDI,31,16,19.1
2011-06-07,CHICKEN MANDI,17,21,30.6
2011-06-08,CHICKEN MANDI,33,29,19.2
2011-06-09,CHICKEN MANDI,32,20,16.1
2011-06-10,CHICKEN MANDI,29,17,10.8
2011-06-11,CHICKEN MANDI,21,23,20.2
2011-06-12,CHICKEN MANDI,21,24,5.3
2011-06-13,CHICKEN MANDI,40,29,29.5
2011-06-14,CHICKEN MANDI,23,28,27.3
2011-06-15,CHICKEN MANDI,6,27,11.0
2011-06-16,CHICKEN MANDI,22,20,31.3
2011-06-17,CHICKEN MANDI,50,24,27.2
2011-06-18,CHICKEN MANDI,38,24,22.1
2011-06-19,CHICKEN MANDI,37,20,4.7
2011-06-20,CHICKEN MANDI,45,15,16.1
2011-06-21,CHICKEN MANDI,51,18,17.0
2011-06-22,CHICKEN MANDI,8,24,8.2
2011-06-23,CHICKEN MANDI,41,20,3.4
2011-06-24,CHICKEN MANDI,49,29,25.7
2011-06-25,CHICKEN MANDI,35,20,4.7
2011-06-26,CHICKEN MANDI,51,25,19.8
2011-06-27,CHICKEN MANDI,11,26,30.8
2011-06-28,CHICKEN MANDI,24,19,28.8
2011-06-29,CHICKEN MANDI,49,15,9.7
2011-06-30,CHICKEN MANDI,21,22,28.0
2011-07-01,CHICKEN MANDI,51,19,0.8
2011-07-02,CHICKEN MANDI,2,26,1.4
2011-07-03,CHICKEN MANDI,40,26,20.1
2011-07-04,CHICKEN MANDI,19,26,12.5
2011-07-05,CHICKEN MANDI,39,19,13.2
2011-07-06,CHICKEN MANDI,28,21,18.9
2011-07-07,CHICKEN MANDI,17,18,6.9
2011-07-08,CHICKEN MANDI,6,20,7.6
2011-07-09,CHICKEN MANDI,19,27,16.3
2011-07-10,CHICKEN MANDI,38,18,24.9
2011-07-11,CHICKEN MANDI,28,28,20.6
2011-07-12,CHICKEN MANDI,2,29,10.3
2011-07-13,CHICKEN MANDI,38,17,14.6
2011-07-14,CHICKEN MANDI,37,21,6.3
2011-07-15,CHICKEN MANDI,51,22,3.2
2011-07-16,CHICKEN MANDI,52,18,25.8
2011-07-17,CHICKEN MANDI,4,27,9.3
2011-07-18,CHICKEN MANDI,22,16,6.5
2011-07-19,CHICKEN MANDI,26,26,22.9
2011-07-20,CHICKEN MANDI,49,24,20.6
2011-07-21,CHICKEN MANDI,43,28,21.1
2011-07-22,CHICKEN MANDI,36,17,8.1
2011-07-23,CHICKEN MANDI,13,15,8.2
2011-07-24,CHICKEN MANDI,52,22,7.9
2011-07-25,CHICKEN MANDI,32,29,6.4
2011-07-26,CHICKEN MANDI,17,17,21.8
2011-07-27,CHICKEN MANDI,41,26,27.9
2011-07-28,CHICKEN MANDI,36,24,24.0
2011-07-29,CHICKEN MANDI,46,21,26.1
2011-07-30,CHICKEN MANDI,19,24,13.8
2011-07-31,CHICKEN MANDI,35,19,21.7
2011-08-01,CHICKEN MANDI,46,24,12.1
2011-08-02,CHICKEN MANDI,40,19,17.6
2011-08-03,CHICKEN MANDI,28,28,16.2
2011-08-04,CHICKEN MANDI,1,21,6.5
2011-08-05,CHICKEN MANDI,42,29,13.2
2011-08-06,CHICKEN MANDI,18,23,31.6
2011-08-07,CHICKEN MANDI,48,26,8.8
2011-08-08,CHICKEN MANDI,40,19,5.1
2011-08-09,CHICKEN MANDI,33,15,14.2
2011-08-10,CHICKEN MANDI,12,24,26.1
2011-08-11,CHICKEN MANDI,8,24,19.4
2011-08-12,CHICKEN MANDI,24,15,22.6
2011-08-13,CHICKEN MANDI,16,29,6.9
2011-08-14,CHICKEN MANDI,50,16,20.6
2011-08-15,CHICKEN MANDI,4,28,11.2
2011-08-16,CHICKEN MANDI,38,20,27.5
2011-08-17,CHICKEN MANDI,44,23,20.9
2011-08-18,CHICKEN MANDI,27,22,7.2
2011-08-19,CHICKEN MANDI,9,27,2.9
2011-08-20,CHICKEN MANDI,47,19,2.2
2011-08-21,CHICKEN MANDI,16,15,12.7
2011-08-22,CHICKEN MANDI,12,27,9.3
2011-08-23,CHICKEN MANDI,31,21,21.5
2011-08-24,CHICKEN MANDI,24,29,16.8
2011-08-25,CHICKEN MANDI,14,19,9.3
2011-08-26,CHICKEN MANDI,45,20,5.6
2011-08-27,CHICKEN MANDI,25,27,4.9
2011-08-28,CHICKEN MANDI,34,21,28.5
2011-08-29,CHICKEN MANDI,3,17,8.6
2011-08-30,CHICKEN MANDI,24,26,21.7
2011-08-31,CHICKEN MANDI,42,24,26.7
2011-09-01,CHICKEN MANDI,9,17,20.5
2011-09-02,CHICKEN MANDI,26,19,28.3
2011-09-03,CHICKEN MANDI,20,20,13.4
2011-09-04,CHICKEN MANDI,40,23,31.4
2011-09-05,CHICKEN MANDI,10,27,5.1
2011-09-06,CHICKEN MANDI,19,28,4.1
2011-09-07,CHICKEN MANDI,3,26,21.9
2011-09-08,CHICKEN MANDI,24,19,31.0
2011-09-09,CHICKEN MANDI,5,29,26.7
2011-09-10,CHICKEN MANDI,3,15,3.2
2011-09-11,CHICKEN MANDI,27,28,9.7
2011-09-12,CHICKEN MANDI,16,28,30.6
2011-09-13,CHICKEN MANDI,49,28,8.9
2011-09-14,CHICKEN MANDI,15,18,25.8
2011-09-15,CHICKEN MANDI,35,19,27.2
2011-09-16,CHICKEN MANDI,12,26,16.7
2011-09-17,CHICKEN MANDI,41,24,13.2
2011-09-18,CHICKEN MANDI,44,24,15.2
2011-09-19,CHICKEN MANDI,26,19,8.1
2011-09-20,CHICKEN MANDI,47,21,29.3
2011-09-21,CHICKEN MANDI,34,18,15.2
2011-09-22,CHICKEN MANDI,23,15,29.0
2011-09-23,CHICKEN MANDI,31,28,4.2
2011-09-24,CHICKEN MANDI,50,28,32.4
2011-09-25,CHICKEN MANDI,20,19,15.0
2011-09-26,CHICKEN MANDI,12,21,2.3
2011-09-27,CHICKEN MANDI,23,24,2.0
2011-09-28,CHICKEN MANDI,4,24,24.7
2011-09-29,CHICKEN MANDI,23,20,21.9
2011-09-30,CHICKEN MANDI,48,19,26.5
2011-10-01,CHICKEN MANDI,48,18,4.2
2011-10-02,CHICKEN MANDI,1,16,1.9
2011-10-03,CHICKEN MANDI,25,18,17.1
2011-10-04,CHICKEN MANDI,2,29,13.2
2011-10-05,CHICKEN MANDI,30,24,15.6
2011-10-06,CHICKEN MANDI,3,24,32.5
2011-10-07,CHICKEN MANDI,21,17,31.9
2011-10-08,CHICKEN MANDI,25,24,31.0
2011-10-09,CHICKEN MANDI,20,15,25.9
2011-10-10,CHICKEN MANDI,49,22,12.2
2011-10-11,CHICKEN MANDI,52,19,14.0
2011-10-12,CHICKEN MANDI,22,27,18.4
2011-10-13,CHICKEN MANDI,21,18,27.4
2011-10-14,CHICKEN MANDI,33,22,3.0
2011-10-15,CHICKEN MANDI,52,21,14.4
2011-10-16,CHICKEN MANDI,38,16,3.4
2011-10-17,CHICKEN MANDI,15,15,17.3
2011-10-18,CHICKEN MANDI,46,26,29.6
2011-10-19,CHICKEN MANDI,52,25,25.8
2011-10-20,CHICKEN MANDI,15,18,8.1
2011-10-21,CHICKEN MANDI,46,22,32.0
2011-10-22,CHICKEN MANDI,25,26,22.2
2011-10-23,CHICKEN MANDI,21,16,1.1
2011-10-24,CHICKEN MANDI,24,17,9.0
2011-10-25,CHICKEN MANDI,5,26,9.1
2011-10-26,CHICKEN MANDI,6,15,3.0
2011-10-27,CHICKEN MANDI,49,15,31.5
2011-10-28,CHICKEN MANDI,43,27,16.1
2011-10-29,CHICKEN MANDI,48,17,29.5
2011-10-30,CHICKEN MANDI,44,25,11.1
2011-10-31,CHICKEN MANDI,47,19,4.8
2011-11-01,CHICKEN MANDI,23,26,16.0
2011-11-02,CHICKEN MANDI,4,17,4.4
2011-11-03,CHICKEN MANDI,27,15,16.4
2011-11-04,CHICKEN MANDI,18,15,30.2
2011-11-05,CHICKEN MANDI,21,22,17.5
2011-11-06,CHICKEN MANDI,28,24,20.5
2011-11-07,CHICKEN MANDI,35,25,5.8
2011-11-08,CHICKEN MANDI,22,26,2.2
2011-11-09,CHICKEN MANDI,40,27,4.3
2011-11-10,CHICKEN MANDI,23,27,20.0
2011-11-11,CHICKEN MANDI,3,26,3.8
2011-11-12,CHICKEN MANDI,40,29,12.8
2011-11-13,CHICKEN MANDI,50,28,18.4
2011-11-14,CHICKEN MANDI,10,16,13.2
2011-11-15,CHICKEN MANDI,25,27,6.0
2011-11-16,CHICKEN MANDI,52,17,9.6
2011-11-17,CHICKEN MANDI,49,16,30.5
2011-11-18,CHICKEN MANDI,8,17,22.4
2011-11-19,CHICKEN MANDI,11,21,16.7
2011-11-20,CHICKEN MANDI,5,15,1.2
2011-11-21,CHICKEN MANDI,45,24,32.6
2011-11-22,CHICKEN MANDI,37,22,22.3
2011-11-23,CHICKEN MANDI,45,27,10.9
2011-11-24,CHICKEN MANDI,38,24,28.9
2011-11-25,CHICKEN MANDI,29,24,9.1
2011-11-26,CHICKEN MANDI,5,24,18.2
2011-11-27,CHICKEN MANDI,9,28,21.2
2011-11-28,CHICKEN MANDI,48,16,7.9
2011-11-29,CHICKEN MANDI,2,17,32.1
2011-11-30,CHICKEN MANDI,1,23,24.7
2011-12-01,CHICKEN MANDI,40,21,18.7
2011-12-02,CHICKEN MANDI,51,18,6.6
2011-12-03,CHICKEN MANDI,30,24,2.5
2011-12-04,CHICKEN MANDI,11,19,11.0
2011-12-05,CHICKEN MANDI,28,16,24.9
2011-12-06,CHICKEN MANDI,44,27,9.4
2011-12-07,CHICKEN MANDI,12,25,18.1
2011-12-08,CHICKEN MANDI,39,27,24.1
2011-12-09,CHICKEN MANDI,26,22,4.3
2011-12-10,CHICKEN MANDI,13,18,22.7
2011-12-11,CHICKEN MANDI,8,23,3.7
2011-12-12,CHICKEN MANDI,28,19,31.7
2011-12-13,CHICKEN MANDI,30,27,16.4
2011-12-14,CHICKEN MANDI,9,23,5.6
2011-12-15,CHICKEN MANDI,39,18,11.8
2011-12-16,CHICKEN MANDI,31,24,14.0
2011-12-17,CHICKEN MANDI,21,19,25.1
2011-12-18,CHICKEN MANDI,47,23,24.6
2011-12-19,CHICKEN MANDI,34,22,20.4
2011-12-20,CHICKEN MANDI,31,17,4.2
2011-12-21,CHICKEN MANDI,52,15,5.7
2011-12-22,CHICKEN MANDI,25,17,3.8
2011-12-23,CHICKEN MANDI,12,18,19.3
2011-12-24,CHICKEN MANDI,1,16,28.9
2011-12-25,CHICKEN MANDI,22,15,14.7
2011-12-26,CHICKEN MANDI,40,21,5.9
2011-12-27,CHICKEN MANDI,37,22,18.7
2011-12-28,CHICKEN MANDI,47,21,26.8
2011-12-29,CHICKEN MANDI,1,28,24.5
2011-12-30,CHICKEN MANDI,1,19,29.0
2011-12-31,CHICKEN MANDI,42,26,9.7
2012-01-01,CHICKEN MANDI,42,15,7.0
2012-01-02,CHICKEN MANDI,21,21,29.0
2012-01-03,CHICKEN MANDI,15,27,21.8
2012-01-04,CHICKEN MANDI,17,21,10.7
2012-01-05,CHICKEN MANDI,22,23,24.6
2012-01-06,CHICKEN MANDI,38,17,26.9
2012-01-07,CHICKEN MANDI,35,23,20.5
2012-01-08,CHICKEN MANDI,45,28,22.8
2012-01-09,CHICKEN MANDI,16,15,12.8
2012-01-10,CHICKEN MANDI,8,15,18.0
2012-01-11,CHICKEN MANDI,47,28,17.6
2012-01-12,CHICKEN MANDI,17,18,27.9
2012-01-13,CHICKEN MANDI,17,23,27.7
2012-01-14,CHICKEN MANDI,26,20,27.4
2012-01-15,CHICKEN MANDI,13,27,1.2
2012-01-16,CHICKEN MANDI,17,25,24.8
2012-01-17,CHICKEN MANDI,38,17,25.1
2012-01-18,CHICKEN MANDI,17,15,22.5
2012-01-19,CHICKEN MANDI,48,18,25.0
2012-01-20,CHICKEN MANDI,14,26,27.7
2012-01-21,CHICKEN MANDI,45,27,15.9
2012-01-22,CHICKEN MANDI,6,23,16.9
2012-01-23,CHICKEN MANDI,35,17,4.8
2012-01-24,CHICKEN MANDI,46,26,13.1
2012-01-25,CHICKEN MANDI,14,23,21.4
2012-01-26,CHICKEN MANDI,47,21,25.8
2012-01-27,CHICKEN MANDI,8,26,7.8
2012-01-28,CHICKEN MANDI,15,28,5.2
2012-01-29,CHICKEN MANDI,27,29,22.0
2012-01-30,CHICKEN MANDI,13,18,0.9
2012-01-31,CHICKEN MANDI,49,17,6.5
2012-02-01,CHICKEN MANDI,31,24,1.7
2012-02-02,CHICKEN MANDI,35,29,6.1
2012-02-03,CHICKEN MANDI,6,19,6.6
2012-02-04,CHICKEN MANDI,5,19,13.2
2012-02-05,CHICKEN MANDI,22,17,13.7
2012-02-06,CHICKEN MANDI,49,26,28.8
2012-02-07,CHICKEN MANDI,23,23,17.1
2012-02-08,CHICKEN MANDI,25,18,23.9
2012-02-09,CHICKEN MANDI,34,25,4.1
2012-02-10,CHICKEN MANDI,26,19,8.0
2012-02-11,CHICKEN MANDI,47,18,23.3
2012-02-12,CHICKEN MANDI,5,19,2.5
2012-02-13,CHICKEN MANDI,26,21,16.4
2012-02-14,CHICKEN MANDI,20,23,20.0
2012-02-15,CHICKEN MANDI,6,21,20.1
2012-02-16,CHICKEN MANDI,6,27,1.5
2012-02-17,CHICKEN MANDI,50,19,11.1
2012-02-18,CHICKEN MANDI,18,24,21.2
2012-02-19,CHICKEN MANDI,4,24,5.6
2012-02-20,CHICKEN MANDI,17,21,23.1
2012-02-21,CHICKEN MANDI,14,28,24.7
2012-02-22,CHICKEN MANDI,14,29,32.2
2012-02-23,CHICKEN MANDI,13,24,7.5
2012-02-24,CHICKEN MANDI,7,19,27.2
2012-02-25,CHICKEN MANDI,44,17,17.4
2012-02-26,CHICKEN MANDI,15,21,12.8
2012-02-27,CHICKEN MANDI,19,27,4.7
2012-02-28,CHICKEN MANDI,43,25,24.3
2012-02-29,CHICKEN MANDI,47,25,8.3
2012-03-01,CHICKEN MANDI,44,16,12.7
2012-03-02,CHICKEN MANDI,35,29,2.8
2012-03-03,CHICKEN MANDI,17,26,26.4
2012-03-04,CHICKEN MANDI,35,23,25.3
2012-03-05,CHICKEN MANDI,19,24,24.3
2012-03-06,CHICKEN MANDI,20,24,10.4
2012-03-07,CHICKEN MANDI,36,26,6.4
2012-03-08,CHICKEN MANDI,35,15,21.2
2012-03-09,CHICKEN MANDI,32,27,16.7
2012-03-10,CHICKEN MANDI,48,20,6.5
2012-03-11,CHICKEN MANDI,44,21,22.7
2012-03-12,CHICKEN MANDI,40,28,32.5
2012-03-13,CHICKEN MANDI,24,27,24.7
2012-03-14,CHICKEN MANDI,17,22,24.5
2012-03-15,CHICKEN MANDI,7,24,31.2
2012-03-16,CHICKEN MANDI,43,23,7.3
2012-03-17,CHICKEN MANDI,50,16,18.9
2012-03-18,CHICKEN MANDI,1,25,32.1
2012-03-19,CHICKEN MANDI,35,24,6.1
2012-03-20,CHICKEN MANDI,32,16,23.2
2012-03-21,CHICKEN MANDI,36,19,19.5
2012-03-22,CHICKEN MANDI,13,27,19.6
2012-03-23,CHICKEN MANDI,6,19,23.1
2012-03-24,CHICKEN MANDI,14,20,30.5
2012-03-25,CHICKEN MANDI,37,17,25.8
2012-03-26,CHICKEN MANDI,48,22,2.6
2012-03-27,CHICKEN MANDI,15,27,28.1
2012-03-28,CHICKEN MANDI,47,15,8.0
2012-03-29,CHICKEN MANDI,4,20,12.9
2012-03-30,CHICKEN MANDI,40,18,15.6
2012-03-31,CHICKEN MANDI,16,15,16.2
2012-04-01,CHICKEN MANDI,28,29,14.7
2012-04-02,CHICKEN MANDI,16,21,30.8
2012-04-03,CHICKEN MANDI,4,23,23.4
2012-04-04,CHICKEN MANDI,45,27,21.0
2012-04-05,CHICKEN MANDI,26,18,2.4
2012-04-06,CHICKEN MANDI,28,18,29.7
2012-04-07,CHICKEN MANDI,32,20,29.9
2012-04-08,CHICKEN MANDI,45,26,25.8
2012-04-09,CHICKEN MANDI,2,29,1.0
2012-04-10,CHICKEN MANDI,31,17,2.6
2012-04-11,CHICKEN MANDI,3,27,8.0
2012-04-12,CHICKEN MANDI,8,26,5.0
2012-04-13,CHICKEN MANDI,24,20,13.6
2012-04-14,CHICKEN MANDI,15,21,30.3
2012-04-15,CHICKEN MANDI,43,25,15.9
2012-04-16,CHICKEN MANDI,31,24,1.2
2012-04-17,CHICKEN MANDI,9,24,9.8
2012-04-18,CHICKEN MANDI,39,17,2.2
2012-04-19,CHICKEN MANDI,45,21,2.0
2012-04-20,CHICKEN MANDI,2,28,9.6
2012-04-21,CHICKEN MANDI,8,17,9.6
2012-04-22,CHICKEN MANDI,7,27,26.0
2012-04-23,CHICKEN MANDI,44,27,32.0
2012-04-24,CHICKEN MANDI,51,16,12.7
2012-04-25,CHICKEN MANDI,39,26,14.5
2012-04-26,CHICKEN MANDI,42,28,27.8
2012-04-27,CHICKEN MANDI,16,24,9.4
2012-04-28,CHICKEN MANDI,35,18,5.8
2012-04-29,CHICKEN MANDI,30,26,28.1
2012-04-30,CHICKEN MANDI,10,22,2.3
2012-05-01,CHICKEN MANDI,38,27,20.6
2012-05-02,CHICKEN MANDI,18,29,18.8
2012-05-03,CHICKEN MANDI,50,23,11.9
2012-05-04,CHICKEN MANDI,5,21,10.9
2012-05-05,CHICKEN MANDI,29,15,25.5
2012-05-06,CHICKEN MANDI,39,17,3.6
2012-05-07,CHICKEN MANDI,34,27,8.4
2012-05-08,CHICKEN MANDI,43,26,24.2
2012-05-09,CHICKEN MANDI,45,28,18.3
2012-05-10,CHICKEN MANDI,23,23,4.9
2012-05-11,CHICKEN MANDI,5,29,29.0
2012-05-12,CHICKEN MANDI,30,26,13.4
2012-05-13,CHICKEN MANDI,6,15,27.3
2012-05-14,CHICKEN MANDI,46,23,26.0
2012-05-15,CHICKEN MANDI,44,22,20.8
2012-05-16,CHICKEN MANDI,4,15,16.6
2012-05-17,CHICKEN MANDI,29,20,32.1
2012-05-18,CHICKEN MANDI,23,19,5.4
2012-05-19,CHICKEN MANDI,6,20,24.0
2012-05-20,CHICKEN MANDI,32,24,6.9
2012-05-21,CHICKEN MANDI,42,26,11.6
2012-05-22,CHICKEN MANDI,18,27,10.7
2012-05-23,CHICKEN MANDI,15,27,31.1
2012-05-24,CHICKEN MANDI,40,27,31.8
2012-05-25,CHICKEN MANDI,32,29,6.7
2012-05-26,CHICKEN MANDI,9,19,1.5
2012-05-27,CHICKEN MANDI,37,20,23.8
2012-05-28,CHICKEN MANDI,10,19,14.2
2012-05-29,CHICKEN MANDI,20,25,3.6
2012-05-30,CHICKEN MANDI,6,26,22.7
2012-05-31,CHICKEN MANDI,48,19,18.2
2012-06-01,CHICKEN MANDI,3,18,32.2
2012-06-02,CHICKEN MANDI,42,17,8.1
2012-06-03,CHICKEN MANDI,11,17,13.7
2012-06-04,CHICKEN MANDI,43,18,18.2
2012-06-05,CHICKEN MANDI,17,23,26.1
2012-06-06,CHICKEN MANDI,32,16,18.4
2012-06-07,CHICKEN MANDI,4,29,20.4
2012-06-08,CHICKEN MANDI,4,23,8.0
2012-06-09,CHICKEN MANDI,17,15,27.9
2012-06-10,CHICKEN MANDI,41,28,14.5
2012-06-11,CHICKEN MANDI,19,29,5.3
2012-06-12,CHICKEN MANDI,5,29,22.1
2012-06-13,CHICKEN MANDI,32,15,7.7
2012-06-14,CHICKEN MANDI,22,19,3.9
2012-06-15,CHICKEN MANDI,6,20,28.4
2012-06-16,CHICKEN MANDI,35,20,15.5
2012-06-17,CHICKEN MANDI,22,17,24.8
2012-06-18,CHICKEN MANDI,1,21,10.1
2012-06-19,CHICKEN MANDI,20,23,26.0
2012-06-20,CHICKEN MANDI,22,25,4.4
2012-06-21,CHICKEN MANDI,48,26,12.2
2012-06-22,CHICKEN MANDI,11,24,32.1
2012-06-23,CHICKEN MANDI,13,22,26.2
2012-06-24,CHICKEN MANDI,42,20,16.7
2012-06-25,CHICKEN MANDI,3,26,11.7
2012-06-26,CHICKEN MANDI,9,22,28.7
2012-06-27,CHICKEN MANDI,12,26,18.2
2012-06-28,CHICKEN MANDI,23,19,25.1
2012-06-29,CHICKEN MANDI,14,22,24.9
2012-06-30,CHICKEN MANDI,33,24,1.4
2012-07-01,CHICKEN MANDI,18,26,4.8
2012-07-02,CHICKEN MANDI,49,18,21.9
2012-07-03,CHICKEN MANDI,41,24,6.0
2012-07-04,CHICKEN MANDI,9,22,9.0
2012-07-05,CHICKEN MANDI,23,24,31.1
2012-07-06,CHICKEN MANDI,10,26,18.7
2012-07-07,CHICKEN MANDI,19,16,24.8
2012-07-08,CHICKEN MANDI,47,26,18.7
2012-07-09,CHICKEN MANDI,5,26,18.5
2012-07-10,CHICKEN MANDI,47,19,3.8
2012-07-11,CHICKEN MANDI,52,23,11.8
2012-07-12,CHICKEN MANDI,23,18,9.8
2012-07-13,CHICKEN MANDI,30,25,13.3
2012-07-14,CHICKEN MANDI,25,20,26.3
2012-07-15,CHICKEN MANDI,28,29,12.7
2012-07-16,CHICKEN MANDI,34,15,15.3
2012-07-17,CHICKEN MANDI,45,23,13.5
2012-07-18,CHICKEN MANDI,48,15,3.8
2012-07-19,CHICKEN MANDI,47,19,14.9
2012-07-20,CHICKEN MANDI,25,18,7.1
2012-07-21,CHICKEN MANDI,10,27,6.8
2012-07-22,CHICKEN MANDI,14,26,3.8
2012-07-23,CHICKEN MANDI,42,27,12.2
2012-07-24,CHICKEN MANDI,46,27,25.0
2012-07-25,CHICKEN MANDI,30,28,9.6
2012-07-26,CHICKEN MANDI,41,17,10.8
2012-07-27,CHICKEN MANDI,25,27,21.4
2012-07-28,CHICKEN MANDI,14,20,7.1
2012-07-29,CHICKEN MANDI,35,16,29.5
2012-07-30,CHICKEN MANDI,52,17,17.4
2012-07-31,CHICKEN MANDI,48,19,15.1
2012-08-01,CHICKEN MANDI,34,29,18.7
2012-08-02,CHICKEN MANDI,10,23,6.1
2012-08-03,CHICKEN MANDI,35,16,20.4
2012-08-04,CHICKEN MANDI,11,24,12.4
2012-08-05,CHICKEN MANDI,11,22,29.5
2012-08-06,CHICKEN MANDI,21,28,6.2
2012-08-07,CHICKEN MANDI,21,16,17.0
2012-08-08,CHICKEN MANDI,22,25,19.9
2012-08-09,CHICKEN MANDI,45,27,1.9
2012-08-10,CHICKEN MANDI,7,19,12.4
2012-08-11,CHICKEN MANDI,17,21,24.2
2012-08-12,CHICKEN MANDI,2,22,27.1
2012-08-13,CHICKEN MANDI,12,15,10.8
2012-08-14,CHICKEN MANDI,42,20,26.4
2012-08-15,CHICKEN MANDI,18,15,31.8
2012-08-16,CHICKEN MANDI,11,16,28.2
2012-08-17,CHICKEN MANDI,16,29,4.6
2012-08-18,CHICKEN MANDI,49,15,24.5
2012-08-19,CHICKEN MANDI,51,25,11.0
2012-08-20,CHICKEN MANDI,18,19,32.4
2012-08-21,CHICKEN MANDI,35,24,16.3
2012-08-22,CHICKEN MANDI,26,29,4.7
2012-08-23,CHICKEN MANDI,16,23,24.0
2012-08-24,CHICKEN MANDI,6,20,11.1
2012-08-25,CHICKEN MANDI,44,25,32.7
2012-08-26,CHICKEN MANDI,43,25,32.2
2012-08-27,CHICKEN MANDI,47,15,21.8
2012-08-28,CHICKEN MANDI,47,27,5.0
2012-08-29,CHICKEN MANDI,48,15,22.8
2012-08-30,CHICKEN MANDI,42,16,3.8
2012-08-31,CHICKEN MANDI,12,23,1.7
2012-09-01,CHICKEN MANDI,13,17,27.1
2012-09-02,CHICKEN MANDI,4,29,7.5
2012-09-03,CHICKEN MANDI,39,15,12.9
2012-09-04,CHICKEN MANDI,2,19,32.0
2012-09-05,CHICKEN MANDI,26,21,11.6
2012-09-06,CHICKEN MANDI,27,20,10.3
2012-09-07,CHICKEN MANDI,27,26,30.2
2012-09-08,CHICKEN MANDI,15,15,4.3
2012-09-09,CHICKEN MANDI,8,19,25.1
2012-09-10,CHICKEN MANDI,7,29,32.4
2012-09-11,CHICKEN MANDI,47,19,29.6
2012-09-12,CHICKEN MANDI,46,20,21.7
2012-09-13,CHICKEN MANDI,40,17,10.8
2012-09-14,CHICKEN MANDI,12,19,8.9
2012-09-15,CHICKEN MANDI,13,21,27.0
2012-09-16,CHICKEN MANDI,43,19,29.0
2012-09-17,CHICKEN MANDI,17,19,17.6
2012-09-18,CHICKEN MANDI,17,19,8.6
2012-09-19,CHICKEN MANDI,36,24,4.4
2012-09-20,CHICKEN MANDI,21,24,3.6
2012-09-21,CHICKEN MANDI,8,17,23.8
2012-09-22,CHICKEN MANDI,5,15,14.2
2012-09-23,CHICKEN MANDI,26,19,29.8
2012-09-24,CHICKEN MANDI,16,28,24.5
2012-09-25,CHICKEN MANDI,36,23,6.9
2012-09-26,CHICKEN MANDI,28,28,20.4
2012-09-27,CHICKEN MANDI,29,15,14.7
2012-09-28,CHICKEN MANDI,47,17,19.3
2012-09-29,CHICKEN MANDI,12,27,24.4
2012-09-30,CHICKEN MANDI,37,27,26.6
2012-10-01,CHICKEN MANDI,30,18,27.8
2012-10-02,CHICKEN MANDI,23,28,8.9
2012-10-03,CHICKEN MANDI,16,15,1.8
2012-10-04,CHICKEN MANDI,14,15,24.5
2012-10-05,CHICKEN MANDI,10,22,4.2
2012-10-06,CHICKEN MANDI,7,16,10.9
2012-10-07,CHICKEN MANDI,45,26,0.9
2012-10-08,CHICKEN MANDI,52,29,22.6
2012-10-09,CHICKEN MANDI,37,22,6.1
2012-10-10,CHICKEN MANDI,29,21,21.8
2012-10-11,CHICKEN MANDI,3,24,32.5
2012-10-12,CHICKEN MANDI,15,24,3.1
2012-10-13,CHICKEN MANDI,36,16,3.3
2012-10-14,CHICKEN MANDI,47,20,11.7
2012-10-15,CHICKEN MANDI,46,20,28.5
2012-10-16,CHICKEN MANDI,52,17,7.7
2012-10-17,CHICKEN MANDI,19,25,12.3
2012-10-18,CHICKEN MANDI,13,16,3.0
2012-10-19,CHICKEN MANDI,42,26,25.2
2012-10-20,CHICKEN MANDI,21,15,13.9
2012-10-21,CHICKEN MANDI,37,20,25.1
2012-10-22,CHICKEN MANDI,27,26,29.7
2012-10-23,CHICKEN MANDI,52,19,8.2
2012-10-24,CHICKEN MANDI,29,28,26.6
2012-10-25,CHICKEN MANDI,20,28,2.7
2012-10-26,CHICKEN MANDI,25,25,29.6
2012-10-27,CHICKEN MANDI,6,23,21.6
2012-10-28,CHICKEN MANDI,36,15,28.8
2012-10-29,CHICKEN MANDI,2,29,0.8
2012-10-30,CHICKEN MANDI,22,29,6.2
2012-10-31,CHICKEN MANDI,32,21,13.3
2012-11-01,CHICKEN MANDI,16,29,12.9
2012-11-02,CHICKEN MANDI,18,19,8.1
2012-11-03,CHICKEN MANDI,5,19,13.0
2012-11-04,CHICKEN MANDI,36,28,4.9
2012-11-05,CHICKEN MANDI,30,16,14.0
2012-11-06,CHICKEN MANDI,45,25,26.5
2012-11-07,CHICKEN MANDI,19,17,16.1
2012-11-08,CHICKEN MANDI,23,21,1.4
2012-11-09,CHICKEN MANDI,34,20,14.3
2012-11-10,CHICKEN MANDI,13,26,1.7
2012-11-11,CHICKEN MANDI,43,16,31.7
2012-11-12,CHICKEN MANDI,29,20,4.9
2012-11-13,CHICKEN MANDI,36,16,23.4
2012-11-14,CHICKEN MANDI,22,16,31.9
2012-11-15,CHICKEN MANDI,52,16,27.2
2012-11-16,CHICKEN MANDI,52,28,23.2
2012-11-17,CHICKEN MANDI,47,29,27.7
2012-11-18,CHICKEN MANDI,36,25,32.2
2012-11-19,CHICKEN MANDI,9,17,20.7
2012-11-20,CHICKEN MANDI,39,29,18.7
2012-11-21,CHICKEN MANDI,51,16,20.9
2012-11-22,CHICKEN MANDI,19,18,17.8
2012-11-23,CHICKEN MANDI,38,23,21.1
2012-11-24,CHICKEN MANDI,6,20,15.2
2012-11-25,CHICKEN MANDI,52,15,7.8
2012-11-26,CHICKEN MANDI,47,22,4.6
2012-11-27,CHICKEN MANDI,15,29,3.0
2012-11-28,CHICKEN MANDI,20,26,9.2
2012-11-29,CHICKEN MANDI,9,28,2.3
2012-11-30,CHICKEN MANDI,32,21,18.9
2012-12-01,CHICKEN MANDI,4,24,9.9
2012-12-02,CHICKEN MANDI,50,17,27.2
2012-12-03,CHICKEN MANDI,18,15,3.2
2012-12-04,CHICKEN MANDI,5,19,8.0
2012-12-05,CHICKEN MANDI,20,27,24.2
2012-12-06,CHICKEN MANDI,23,18,20.0
2012-12-07,CHICKEN MANDI,11,24,2.9
2012-12-08,CHICKEN MANDI,37,22,28.9
2012-12-09,CHICKEN MANDI,22,15,28.9
2012-12-10,CHICKEN MANDI,4,24,11.4
2012-12-11,CHICKEN MANDI,29,15,11.7
2012-12-12,CHICKEN MANDI,44,26,32.4
2012-12-13,CHICKEN MANDI,34,18,20.8
2012-12-14,CHICKEN MANDI,13,22,17.8
2012-12-15,CHICKEN MANDI,42,19,27.6
2012-12-16,CHICKEN MANDI,9,16,9.9
2012-12-17,CHICKEN MANDI,42,20,14.5
2012-12-18,CHICKEN MANDI,31,19,9.4
2012-12-19,CHICKEN MANDI,7,16,26.1
2012-12-20,CHICKEN MANDI,4,27,19.1
2012-12-21,CHICKEN MANDI,19,28,21.9
2012-12-22,CHICKEN MANDI,42,25,8.9
2012-12-23,CHICKEN MANDI,30,25,7.8
2012-12-24,CHICKEN MANDI,31,25,16.4
2012-12-25,CHICKEN MANDI,35,17,24.4
2012-12-26,CHICKEN MANDI,21,29,17.6
2012-12-27,CHICKEN MANDI,31,23,1.8
2012-12-28,CHICKEN MANDI,19,21,28.6
2012-12-29,CHICKEN MANDI,31,21,2.9
2012-12-30,CHICKEN MANDI,32,29,31.4
2012-12-31,CHICKEN MANDI,2,25,1.6
2013-01-01,CHICKEN MANDI,52,20,23.0
2013-01-02,CHICKEN MANDI,10,22,3.4
2013-01-03,CHICKEN MANDI,2,18,29.9
2013-01-04,CHICKEN MANDI,2,22,15.7
2013-01-05,CHICKEN MANDI,24,18,5.2
2013-01-06,CHICKEN MANDI,17,22,11.7
2013-01-07,CHICKEN MANDI,32,23,6.1
2013-01-08,CHICKEN MANDI,16,17,6.3
2013-01-09,CHICKEN MANDI,16,17,31.1
2013-01-10,CHICKEN MANDI,46,25,15.0
2013-01-11,CHICKEN MANDI,39,27,26.0
2013-01-12,CHICKEN MANDI,31,16,21.3
2013-01-13,CHICKEN MANDI,43,27,22.4
2013-01-14,CHICKEN MANDI,24,24,5.0
2013-01-15,CHICKEN MANDI,1,17,8.3
2013-01-16,CHICKEN MANDI,11,17,26.0
2013-01-17,CHICKEN MANDI,21,19,31.9
2013-01-18,CHICKEN MANDI,4,19,9.2
2013-01-19,CHICKEN MANDI,7,16,9.5
2013-01-20,CHICKEN MANDI,26,26,15.9
2013-01-21,CHICKEN MANDI,47,24,32.3
2013-01-22,CHICKEN MANDI,50,27,9.4
2013-01-23,CHICKEN MANDI,12,20,13.8
2013-01-24,CHICKEN MANDI,31,19,29.3
2013-01-25,CHICKEN MANDI,17,20,0.9
2013-01-26,CHICKEN MANDI,33,15,2.1
2013-01-27,CHICKEN MANDI,11,19,20.1
2013-01-28,CHICKEN MANDI,28,23,29.8
2013-01-29,CHICKEN MANDI,32,26,8.4
2013-01-30,CHICKEN MANDI,1,24,15.8
2013-01-31,CHICKEN MANDI,47,28,15.2
2013-02-01,CHICKEN MANDI,28,16,15.9
2013-02-02,CHICKEN MANDI,42,15,20.7
2013-02-03,CHICKEN MANDI,7,28,15.8
2013-02-04,CHICKEN MANDI,2,24,15.1
2013-02-05,CHICKEN MANDI,42,27,16.0
2013-02-06,CHICKEN MANDI,24,25,19.7
2013-02-07,CHICKEN MANDI,4,23,18.0
2013-02-08,CHICKEN MANDI,44,24,28.1
2013-02-09,CHICKEN MANDI,19,23,2.4
2013-02-10,CHICKEN MANDI,26,29,27.5
2013-02-11,CHICKEN MANDI,11,23,27.8
2013-02-12,CHICKEN MANDI,40,20,9.9
2013-02-13,CHICKEN MANDI,50,29,15.6
2013-02-14,CHICKEN MANDI,43,22,14.8
2013-02-15,CHICKEN MANDI,11,28,7.8
2013-02-16,CHICKEN MANDI,45,25,13.5
2013-02-17,CHICKEN MANDI,3,29,2.2
2013-02-18,CHICKEN MANDI,12,27,9.7
2013-02-19,CHICKEN MANDI,3,15,26.9
2013-02-20,CHICKEN MANDI,42,24,9.9
2013-02-21,CHICKEN MANDI,27,18,27.0
2013-02-22,CHICKEN MANDI,49,15,17.8
2013-02-23,CHICKEN MANDI,2,22,29.0
2013-02-24,CHICKEN MANDI,49,15,19.2
2013-02-25,CHICKEN MANDI,16,17,1.7
2013-02-26,CHICKEN MANDI,2,27,22.4
2013-02-27,CHICKEN MANDI,30,18,2.2
2013-02-28,CHICKEN MANDI,20,29,15.2
2013-03-01,CHICKEN MANDI,38,29,30.5
2013-03-02,CHICKEN MANDI,28,29,6.1
2013-03-03,CHICKEN MANDI,25,22,13.3
2013-03-04,CHICKEN MANDI,32,20,24.2
2013-03-05,CHICKEN MANDI,10,28,29.0
2013-03-06,CHICKEN MANDI,42,24,22.3
2013-03-07,CHICKEN MANDI,40,26,9.1
2013-03-08,CHICKEN MANDI,33,21,22.4
2013-03-09,CHICKEN MANDI,13,28,10.3
2013-03-10,CHICKEN MANDI,41,22,23.8
2013-03-11,CHICKEN MANDI,42,16,31.3
2013-03-12,CHICKEN MANDI,47,27,23.9
2013-03-13,CHICKEN MANDI,37,24,28.4
2013-03-14,CHICKEN MANDI,16,28,0.9
2013-03-15,CHICKEN MANDI,45,25,23.8
2013-03-16,CHICKEN MANDI,22,22,27.3
2013-03-17,CHICKEN MANDI,20,17,2.1
2013-03-18,CHICKEN MANDI,50,21,28.7
2013-03-19,CHICKEN MANDI,43,17,9.0
2013-03-20,CHICKEN MANDI,27,29,22.1
2013-03-21,CHICKEN MANDI,41,21,26.4
2013-03-22,CHICKEN MANDI,16,28,22.0
2013-03-23,CHICKEN MANDI,34,25,3.8
2013-03-24,CHICKEN MANDI,32,29,19.9
2013-03-25,CHICKEN MANDI,26,26,18.4
2013-03-26,CHICKEN MANDI,25,27,29.6
2013-03-27,CHICKEN MANDI,2,16,13.7
2013-03-28,CHICKEN MANDI,12,24,11.1
2013-03-29,CHICKEN MANDI,40,20,24.8
2013-03-30,CHICKEN MANDI,9,17,14.0
2013-03-31,CHICKEN MANDI,12,17,21.5
2013-04-01,CHICKEN MANDI,26,29,21.5
2013-04-02,CHICKEN MANDI,9,23,29.2
2013-04-03,CHICKEN MANDI,10,21,20.0
2013-04-04,CHICKEN MANDI,32,19,16.9
2013-04-05,CHICKEN MANDI,34,26,5.2
2013-04-06,CHICKEN MANDI,48,24,4.5
2013-04-07,CHICKEN MANDI,20,21,5.7
2013-04-08,CHICKEN MANDI,39,23,6.3
2013-04-09,CHICKEN MANDI,2,15,21.2
2013-04-10,CHICKEN MANDI,1,21,24.5
2013-04-11,CHICKEN MANDI,51,20,17.8
2013-04-12,CHICKEN MANDI,36,24,27.3
2013-04-13,CHICKEN MANDI,24,28,32.5
2013-04-14,CHICKEN MANDI,27,26,27.0
2013-04-15,CHICKEN MANDI,2,23,23.0
2013-04-16,CHICKEN MANDI,31,15,17.8
2013-04-17,CHICKEN MANDI,14,27,15.2
2013-04-18,CHICKEN MANDI,2,18,3.5
2013-04-19,CHICKEN MANDI,29,23,13.6
2013-04-20,CHICKEN MANDI,15,18,29.9
2013-04-21,CHICKEN MANDI,12,24,26.7
2013-04-22,CHICKEN MANDI,37,17,7.7
2013-04-23,CHICKEN MANDI,28,23,15.7
2013-04-24,CHICKEN MANDI,20,27,26.9
2013-04-25,CHICKEN MANDI,39,16,3.0
2013-04-26,CHICKEN MANDI,24,29,13.2
2013-04-27,CHICKEN MANDI,21,18,28.1
2013-04-28,CHICKEN MANDI,10,29,13.7
2013-04-29,CHICKEN MANDI,46,20,3.3
2013-04-30,CHICKEN MANDI,14,16,18.2
2013-05-01,CHICKEN MANDI,37,29,28.4
2013-05-02,CHICKEN MANDI,18,22,19.7
2013-05-03,CHICKEN MANDI,24,22,8.0
2013-05-04,CHICKEN MANDI,14,15,13.1
2013-05-05,CHICKEN MANDI,34,26,15.2
2013-05-06,CHICKEN MANDI,12,17,19.3
2013-05-07,CHICKEN MANDI,22,24,25.1
2013-05-08,CHICKEN MANDI,6,23,4.0
2013-05-09,CHICKEN MANDI,36,19,29.3
2013-05-10,CHICKEN MANDI,45,20,1.2
2013-05-11,CHICKEN MANDI,36,18,12.6
2013-05-12,CHICKEN MANDI,22,24,1.7
2013-05-13,CHICKEN MANDI,14,16,13.4
2013-05-14,CHICKEN MANDI,16,25,17.6
2013-05-15,CHICKEN MANDI,36,22,17.2
2013-05-16,CHICKEN MANDI,25,25,6.1
2013-05-17,CHICKEN MANDI,32,27,21.5
2013-05-18,CHICKEN MANDI,33,20,2.2
2013-05-19,CHICKEN MANDI,45,19,25.2
2013-05-20,CHICKEN MANDI,36,23,31.1
2013-05-21,CHICKEN MANDI,20,15,11.7
2013-05-22,CHICKEN MANDI,18,19,17.4
2013-05-23,CHICKEN MANDI,38,20,12.9
2013-05-24,CHICKEN MANDI,3,19,1.0
2013-05-25,CHICKEN MANDI,23,20,13.1
2013-05-26,CHICKEN MANDI,32,20,26.1
2013-05-27,CHICKEN MANDI,45,21,19.9
2013-05-28,CHICKEN MANDI,16,18,4.0
2013-05-29,CHICKEN MANDI,5,28,27.9
2013-05-30,CHICKEN MANDI,4,25,17.8
2013-05-31,CHICKEN MANDI,21,28,27.7
2013-06-01,CHICKEN MANDI,40,28,19.4
2013-06-02,CHICKEN MANDI,51,28,18.7
2013-06-03,CHICKEN MANDI,14,29,4.2
2013-06-04,CHICKEN MANDI,39,22,6.2
2013-06-05,CHICKEN MANDI,31,21,31.9
2013-06-06,CHICKEN MANDI,14,23,8.1
2013-06-07,CHICKEN MANDI,6,21,32.1
2013-06-08,CHICKEN MANDI,12,17,17.8
2013-06-09,CHICKEN MANDI,16,17,5.1
2013-06-10,CHICKEN MANDI,17,29,4.0
2013-06-11,CHICKEN MANDI,45,22,7.5
2013-06-12,CHICKEN MANDI,23,19,30.4
2013-06-13,CHICKEN MANDI,14,18,14.1
2013-06-14,CHICKEN MANDI,7,22,13.5
2013-06-15,CHICKEN MANDI,46,29,10.8
2013-06-16,CHICKEN MANDI,32,20,5.5
2013-06-17,CHICKEN MANDI,15,16,16.4
2013-06-18,CHICKEN MANDI,44,18,5.0
2013-06-19,CHICKEN MANDI,17,26,27.5
2013-06-20,CHICKEN MANDI,41,25,12.7
2013-06-21,CHICKEN MANDI,47,18,12.8
2013-06-22,CHICKEN MANDI,44,29,16.0
2013-06-23,CHICKEN MANDI,34,20,15.0
2013-06-24,CHICKEN MANDI,5,20,32.6
2013-06-25,CHICKEN MANDI,45,15,18.3
2013-06-26,CHICKEN MANDI,27,28,3.6
2013-06-27,CHICKEN MANDI,52,22,20.2
2013-06-28,CHICKEN MANDI,23,20,5.7
2013-06-29,CHICKEN MANDI,40,17,1.8
2013-06-30,CHICKEN MANDI,14,28,31.9
2013-07-01,CHICKEN MANDI,15,23,25.6
2013-07-02,CHICKEN MANDI,43,16,32.2
2013-07-03,CHICKEN MANDI,33,29,16.1
2013-07-04,CHICKEN MANDI,31,25,17.8
2013-07-05,CHICKEN MANDI,35,22,6.2
2013-07-06,CHICKEN MANDI,17,24,8.7
2013-07-07,CHICKEN MANDI,28,17,27.6
2013-07-08,CHICKEN MANDI,19,27,12.2
2013-07-09,CHICKEN MANDI,46,26,27.3
2013-07-10,CHICKEN MANDI,23,19,23.5
2013-07-11,CHICKEN MANDI,32,20,6.5
2013-07-12,CHICKEN MANDI,40,24,17.0
2013-07-13,CHICKEN MANDI,13,20,22.5
2013-07-14,CHICKEN MANDI,20,18,8.3
2013-07-15,CHICKEN MANDI,35,17,27.4
2013-07-16,CHICKEN MANDI,5,18,18.2
2013-07-17,CHICKEN MANDI,9,15,6.1
2013-07-18,CHICKEN MANDI,29,18,19.5
2013-07-19,CHICKEN MANDI,6,15,32.8
2013-07-20,CHICKEN MANDI,25,26,5.6
2013-07-21,CHICKEN MANDI,31,29,26.9
2013-07-22,CHICKEN MANDI,22,15,7.4
2013-07-23,CHICKEN MANDI,2,24,25.8
2013-07-24,CHICKEN MANDI,45,28,24.3
2013-07-25,CHICKEN MANDI,5,20,10.4
2013-07-26,CHICKEN MANDI,27,19,11.2
2013-07-27,CHICKEN MANDI,25,28,26.2
2013-07-28,CHICKEN MANDI,8,25,15.6
2013-07-29,CHICKEN MANDI,1,29,24.2
2013-07-30,CHICKEN MANDI,20,18,5.5
2013-07-31,CHICKEN MANDI,44,27,28.1
2013-08-01,CHICKEN MANDI,23,25,23.5
2013-08-02,CHICKEN MANDI,32,17,29.8
2013-08-03,CHICKEN MANDI,11,15,5.0
2013-08-04,CHICKEN MANDI,39,20,19.8
2013-08-05,CHICKEN MANDI,47,16,20.0
2013-08-06,CHICKEN MANDI,24,22,12.1
2013-08-07,CHICKEN MANDI,11,24,15.5
2013-08-08,CHICKEN MANDI,29,19,2.0
2013-08-09,CHICKEN MANDI,26,21,24.7
2013-08-10,CHICKEN MANDI,16,24,18.4
2013-08-11,CHICKEN MANDI,35,26,2.6
2013-08-12,CHICKEN MANDI,20,16,22.6
2013-08-13,CHICKEN MANDI,46,27,15.7
2013-08-14,CHICKEN MANDI,3,22,1.9
2013-08-15,CHICKEN MANDI,1,16,31.8
2013-08-16,CHICKEN MANDI,47,18,31.2
2013-08-17,CHICKEN MANDI,1,15,17.2
2013-08-18,CHICKEN MANDI,17,29,3.8
2013-08-19,CHICKEN MANDI,2,19,24.9
2013-08-20,CHICKEN MANDI,29,23,16.5
2013-08-21,CHICKEN MANDI,20,15,10.5
2013-08-22,CHICKEN MANDI,6,23,16.5
2013-08-23,CHICKEN MANDI,8,25,17.5
2013-08-24,CHICKEN MANDI,29,29,18.8
2013-08-25,CHICKEN MANDI,48,22,14.9
2013-08-26,CHICKEN MANDI,51,20,20.2
2013-08-27,CHICKEN MANDI,33,21,30.2
2013-08-28,CHICKEN MANDI,3,17,12.4
2013-08-29,CHICKEN MANDI,35,28,24.0
2013-08-30,CHICKEN MANDI,5,29,29.4
2013-08-31,CHICKEN MANDI,27,15,15.4
2013-09-01,CHICKEN MANDI,44,19,15.0
2013-09-02,CHICKEN MANDI,12,28,20.1
2013-09-03,CHICKEN MANDI,20,26,19.7
2013-09-04,CHICKEN MANDI,45,26,26.6
2013-09-05,CHICKEN MANDI,20,16,16.0
2013-09-06,CHICKEN MANDI,9,28,32.7
2013-09-07,CHICKEN MANDI,39,19,2.7
2013-09-08,CHICKEN MANDI,4,22,0.9
2013-09-09,CHICKEN MANDI,51,25,21.3
2013-09-10,CHICKEN MANDI,19,23,10.3
2013-09-11,CHICKEN MANDI,38,16,8.5
2013-09-12,CHICKEN MANDI,27,26,10.8
2013-09-13,CHICKEN MANDI,45,17,9.0
2013-09-14,CHICKEN MANDI,43,17,1.8
2013-09-15,CHICKEN MANDI,13,15,31.9
2013-09-16,CHICKEN MANDI,13,22,7.9
2013-09-17,CHICKEN MANDI,22,20,24.3
2013-09-18,CHICKEN MANDI,28,26,25.2
2013-09-19,CHICKEN MANDI,52,27,30.5
2013-09-20,CHICKEN MANDI,47,22,1.8
2013-09-21,CHICKEN MANDI,45,25,28.7
2013-09-22,CHICKEN MANDI,22,23,17.7
2013-09-23,CHICKEN MANDI,43,19,21.0
2013-09-24,CHICKEN MANDI,19,28,21.4
2013-09-25,CHICKEN MANDI,8,26,27.0
2013-09-26,CHICKEN MANDI,52,28,11.5
2013-09-27,CHICKEN MANDI,8,17,24.3
2013-09-28,CHICKEN MANDI,42,19,17.7
2013-09-29,CHICKEN MANDI,26,19,26.2
2013-09-30,CHICKEN MANDI,48,19,32.5
2013-10-01,CHICKEN MANDI,51,17,7.2
2013-10-02,CHICKEN MANDI,26,25,32.6
2013-10-03,CHICKEN MANDI,23,28,3.7
2013-10-04,CHICKEN MANDI,43,24,0.9
2013-10-05,CHICKEN MANDI,13,28,2.2
2013-10-06,CHICKEN MANDI,28,18,11.7
2013-10-07,CHICKEN MANDI,9,23,21.1
2013-10-08,CHICKEN MANDI,20,27,3.0
2013-10-09,CHICKEN MANDI,19,24,1.0
2013-10-10,CHICKEN MANDI,48,23,30.8
2013-10-11,CHICKEN MANDI,39,16,27.1
2013-10-12,CHICKEN MANDI,51,22,26.7
2013-10-13,CHICKEN MANDI,12,22,29.1
2013-10-14,CHICKEN MANDI,15,21,23.2
2013-10-15,CHICKEN MANDI,31,22,4.1
2013-10-16,CHICKEN MANDI,14,28,13.6
2013-10-17,CHICKEN MANDI,11,17,23.9
2013-10-18,CHICKEN MANDI,26,27,9.8
2013-10-19,CHICKEN MANDI,42,20,22.8
2013-10-20,CHICKEN MANDI,27,15,1.6
2013-10-21,CHICKEN MANDI,11,21,10.6
2013-10-22,CHICKEN MANDI,38,29,18.4
2013-10-23,CHICKEN MANDI,34,29,21.0
2013-10-24,CHICKEN MANDI,43,15,19.3
2013-10-25,CHICKEN MANDI,19,23,23.1
2013-10-26,CHICKEN MANDI,6,15,1.0
2013-10-27,CHICKEN MANDI,46,15,4.0
2013-10-28,CHICKEN MANDI,52,29,28.6
2013-10-29,CHICKEN MANDI,38,21,22.6
2013-10-30,CHICKEN MANDI,49,16,4.4
2013-10-31,CHICKEN MANDI,42,28,27.7
2013-11-01,CHICKEN MANDI,28,19,8.6
2013-11-02,CHICKEN MANDI,1,22,16.1
2013-11-03,CHICKEN MANDI,35,22,5.4
2013-11-04,CHICKEN MANDI,40,17,23.5
2013-11-05,CHICKEN MANDI,8,21,22.1
2013-11-06,CHICKEN MANDI,52,17,7.6
2013-11-07,CHICKEN MANDI,47,20,28.4
2013-11-08,CHICKEN MANDI,7,20,13.6
2013-11-09,CHICKEN MANDI,11,17,10.2
2013-11-10,CHICKEN MANDI,39,21,5.7
2013-11-11,CHICKEN MANDI,4,17,9.3
2013-11-12,CHICKEN MANDI,25,22,1.5
2013-11-13,CHICKEN MANDI,12,24,19.5
2013-11-14,CHICKEN MANDI,26,18,27.8
2013-11-15,CHICKEN MANDI,38,29,18.4
2013-11-16,CHICKEN MANDI,46,29,7.8
2013-11-17,CHICKEN MANDI,12,27,1.9
2013-11-18,CHICKEN MANDI,43,15,7.7
2013-11-19,CHICKEN MANDI,51,18,14.1
2013-11-20,CHICKEN MANDI,37,28,25.1
2013-11-21,CHICKEN MANDI,46,21,6.8
2013-11-22,CHICKEN MANDI,24,25,23.8
2013-11-23,CHICKEN MANDI,16,18,28.5
2013-11-24,CHICKEN MANDI,13,27,15.3
2013-11-25,CHICKEN MANDI,25,20,27.1
2013-11-26,CHICKEN MANDI,52,23,18.5
2013-11-27,CHICKEN MANDI,4,15,21.2
2013-11-28,CHICKEN MANDI,11,27,17.6
2013-11-29,CHICKEN MANDI,32,19,15.6
2013-11-30,CHICKEN MANDI,49,25,8.3
2013-12-01,CHICKEN MANDI,7,21,10.5
2013-12-02,CHICKEN MANDI,46,15,10.1
2013-12-03,CHICKEN MANDI,11,28,18.8
2013-12-04,CHICKEN MANDI,28,18,4.6
2013-12-05,CHICKEN MANDI,41,20,30.1
2013-12-06,CHICKEN MANDI,23,16,23.9
2013-12-07,CHICKEN MANDI,45,24,13.6
2013-12-08,CHICKEN MANDI,23,19,5.9
2013-12-09,CHICKEN MANDI,50,25,29.0
2013-12-10,CHICKEN MANDI,28,24,27.2
2013-12-11,CHICKEN MANDI,43,15,23.9
2013-12-12,CHICKEN MANDI,47,20,9.5
2013-12-13,CHICKEN MANDI,26,20,13.7
2013-12-14,CHICKEN MANDI,25,27,4.1
2013-12-15,CHICKEN MANDI,29,29,6.8
2013-12-16,CHICKEN MANDI,19,29,25.9
2013-12-17,CHICKEN MANDI,33,18,23.7
2013-12-18,CHICKEN MANDI,36,27,19.8
2013-12-19,CHICKEN MANDI,14,22,29.5
2013-12-20,CHICKEN MANDI,14,18,19.5
2013-12-21,CHICKEN MANDI,35,22,15.7
2013-12-22,CHICKEN MANDI,30,29,11.7
2013-12-23,CHICKEN MANDI,28,27,30.9
2013-12-24,CHICKEN MANDI,17,22,3.4
2013-12-25,CHICKEN MANDI,3,19,30.6
2013-12-26,CHICKEN MANDI,16,27,27.3
2013-12-27,CHICKEN MANDI,46,29,5.0
2013-12-28,CHICKEN MANDI,30,18,18.9
2013-12-29,CHICKEN MANDI,52,26,28.5
2013-12-30,CHICKEN MANDI,29,27,19.1
2013-12-31,CHICKEN MANDI,45,16,29.8
2014-01-01,CHICKEN MANDI,15,25,31.0
2014-01-02,CHICKEN MANDI,46,29,14.3
2014-01-03,CHICKEN MANDI,25,17,12.9
2014-01-04,CHICKEN MANDI,51,17,30.8
2014-01-05,CHICKEN MANDI,38,18,22.4
2014-01-06,CHICKEN MANDI,42,18,4.5
2014-01-07,CHICKEN MANDI,47,24,2.2
2014-01-08,CHICKEN MANDI,52,25,18.9
2014-01-09,CHICKEN MANDI,38,25,30.6
2014-01-10,CHICKEN MANDI,23,19,27.8
2014-01-11,CHICKEN MANDI,25,18,22.4
2014-01-12,CHICKEN MANDI,42,25,5.3
2014-01-13,CHICKEN MANDI,7,28,8.9
2014-01-14,CHICKEN MANDI,22,24,28.8
2014-01-15,CHICKEN MANDI,17,22,6.6
2014-01-16,CHICKEN MANDI,18,20,9.7
2014-01-17,CHICKEN MANDI,49,20,4.9
2014-01-18,CHICKEN MANDI,41,22,22.4
2014-01-19,CHICKEN MANDI,10,21,31.0
2014-01-20,CHICKEN MANDI,10,29,9.4
2014-01-21,CHICKEN MANDI,7,24,16.0
2014-01-22,CHICKEN MANDI,48,28,21.1
2014-01-23,CHICKEN MANDI,50,25,32.8
2014-01-24,CHICKEN MANDI,38,26,4.2
2014-01-25,CHICKEN MANDI,27,24,16.8
2014-01-26,CHICKEN MANDI,52,27,13.1
2014-01-27,CHICKEN MANDI,33,22,28.5
2014-01-28,CHICKEN MANDI,1,28,16.0
2014-01-29,CHICKEN MANDI,44,16,4.4
2014-01-30,CHICKEN MANDI,34,23,21.1
2014-01-31,CHICKEN MANDI,4,15,25.5
2014-02-01,CHICKEN MANDI,17,29,0.9
2014-02-02,CHICKEN MANDI,4,22,28.3
2014-02-03,CHICKEN MANDI,43,26,6.8
2014-02-04,CHICKEN MANDI,26,25,18.5
2014-02-05,CHICKEN MANDI,4,26,14.1
2014-02-06,CHICKEN MANDI,1,26,23.8
2014-02-07,CHICKEN MANDI,7,18,12.7
2014-02-08,CHICKEN MANDI,30,18,28.6
2014-02-09,CHICKEN MANDI,50,19,24.2
2014-02-10,CHICKEN MANDI,9,22,21.5
2014-02-11,CHICKEN MANDI,35,19,26.3
2014-02-12,CHICKEN MANDI,8,22,24.9
2014-02-13,CHICKEN MANDI,24,29,2.0
2014-02-14,CHICKEN MANDI,19,24,13.4
2014-02-15,CHICKEN MANDI,36,15,30.6
2014-02-16,CHICKEN MANDI,50,26,4.8
2014-02-17,CHICKEN MANDI,52,29,24.4
2014-02-18,CHICKEN MANDI,43,24,32.0
2014-02-19,CHICKEN MANDI,27,23,2.5
2014-02-20,CHICKEN MANDI,32,20,22.6
2014-02-21,CHICKEN MANDI,14,17,15.8
2014-02-22,CHICKEN MANDI,18,27,19.3
2014-02-23,CHICKEN MANDI,28,28,3.5
2014-02-24,CHICKEN MANDI,29,22,2.2
2014-02-25,CHICKEN MANDI,16,23,22.1
2014-02-26,CHICKEN MANDI,35,20,27.1
2014-02-27,CHICKEN MANDI,47,25,25.8
2014-02-28,CHICKEN MANDI,31,21,18.2
2014-03-01,CHICKEN MANDI,4,15,4.0
2014-03-02,CHICKEN MANDI,37,28,22.8
2014-03-03,CHICKEN MANDI,17,19,8.5
2014-03-04,CHICKEN MANDI,39,19,30.0
2014-03-05,CHICKEN MANDI,48,24,27.6
2014-03-06,CHICKEN MANDI,46,28,23.5
2014-03-07,CHICKEN MANDI,26,18,31.2
2014-03-08,CHICKEN MANDI,48,20,1.8
2014-03-09,CHICKEN MANDI,39,21,24.4
2014-03-10,CHICKEN MANDI,41,23,11.4
2014-03-11,CHICKEN MANDI,4,15,29.8
2014-03-12,CHICKEN MANDI,30,29,9.3
2014-03-13,CHICKEN MANDI,30,20,24.0
2014-03-14,CHICKEN MANDI,22,21,28.9
2014-03-15,CHICKEN MANDI,11,17,2.1
2014-03-16,CHICKEN MANDI,2,22,13.5
2014-03-17,CHICKEN MANDI,44,29,25.2
2014-03-18,CHICKEN MANDI,12,19,15.4
2014-03-19,CHICKEN MANDI,30,29,9.4
2014-03-20,CHICKEN MANDI,36,23,7.8
2014-03-21,CHICKEN MANDI,18,19,5.0
2014-03-22,CHICKEN MANDI,26,23,28.2
2014-03-23,CHICKEN MANDI,7,24,19.2
2014-03-24,CHICKEN MANDI,1,18,3.2
2014-03-25,CHICKEN MANDI,26,23,13.0
2014-03-26,CHICKEN MANDI,23,19,12.6
2014-03-27,CHICKEN MANDI,26,24,6.6
2014-03-28,CHICKEN MANDI,45,23,14.7
2014-03-29,CHICKEN MANDI,6,17,11.4
2014-03-30,CHICKEN MANDI,6,29,11.7
2014-03-31,CHICKEN MANDI,44,18,24.4
2014-04-01,CHICKEN MANDI,8,23,7.9
2014-04-02,CHICKEN MANDI,24,24,21.3
2014-04-03,CHICKEN MANDI,22,25,19.1
2014-04-04,CHICKEN MANDI,19,20,19.0
2014-04-05,CHICKEN MANDI,37,16,22.0
2014-04-06,CHICKEN MANDI,18,21,18.3
2014-04-07,CHICKEN MANDI,31,16,28.9
2014-04-08,CHICKEN MANDI,37,25,22.4
2014-04-09,CHICKEN MANDI,30,16,18.3
2014-04-10,CHICKEN MANDI,42,25,27.4
2014-04-11,CHICKEN MANDI,33,15,20.2
2014-04-12,CHICKEN MANDI,10,25,10.1
2014-04-13,CHICKEN MANDI,37,25,7.4
2014-04-14,CHICKEN MANDI,12,26,5.7
2014-04-15,CHICKEN MANDI,30,25,29.6
2014-04-16,CHICKEN MANDI,27,17,23.5
2014-04-17,CHICKEN MANDI,39,20,30.8
2014-04-18,CHICKEN MANDI,9,22,20.1
2014-04-19,CHICKEN MANDI,21,23,15.9
2014-04-20,CHICKEN MANDI,12,21,2.7
2014-04-21,CHICKEN MANDI,29,18,22.3
2014-04-22,CHICKEN MANDI,33,20,19.4
2014-04-23,CHICKEN MANDI,43,19,32.5
2014-04-24,CHICKEN MANDI,15,22,8.5
2014-04-25,CHICKEN MANDI,2,15,17.8
2014-04-26,CHICKEN MANDI,52,15,21.6
2014-04-27,CHICKEN MANDI,39,27,21.4
2014-04-28,CHICKEN MANDI,44,29,18.8
2014-04-29,CHICKEN MANDI,18,25,25.7
2014-04-30,CHICKEN MANDI,3,20,7.4
2014-05-01,CHICKEN MANDI,7,24,24.0
2014-05-02,CHICKEN MANDI,43,26,20.6
2014-05-03,CHICKEN MANDI,18,16,29.5
2014-05-04,CHICKEN MANDI,44,19,27.9
2014-05-05,CHICKEN MANDI,38,15,10.9
2014-05-06,CHICKEN MANDI,37,21,9.6
2014-05-07,CHICKEN MANDI,33,15,32.2
2014-05-08,CHICKEN MANDI,44,18,17.7
2014-05-09,CHICKEN MANDI,31,23,29.8
2014-05-10,CHICKEN MANDI,11,15,6.0
2014-05-11,CHICKEN MANDI,4,18,21.4
2014-05-12,CHICKEN MANDI,18,20,26.7
2014-05-13,CHICKEN MANDI,4,20,31.1
2014-05-14,CHICKEN MANDI,49,26,11.6
2014-05-15,CHICKEN MANDI,34,29,24.0
2014-05-16,CHICKEN MANDI,29,27,18.0
2014-05-17,CHICKEN MANDI,24,22,2.7
2014-05-18,CHICKEN MANDI,22,15,22.9
2014-05-19,CHICKEN MANDI,2,21,22.9
2014-05-20,CHICKEN MANDI,44,15,30.6
2014-05-21,CHICKEN MANDI,6,27,16.7
2014-05-22,CHICKEN MANDI,42,28,8.2
2014-05-23,CHICKEN MANDI,25,21,2.2
2014-05-24,CHICKEN MANDI,21,17,14.1
2014-05-25,CHICKEN MANDI,16,25,10.5
2014-05-26,CHICKEN MANDI,31,22,25.2
2014-05-27,CHICKEN MANDI,14,17,12.1
2014-05-28,CHICKEN MANDI,39,28,31.2
2014-05-29,CHICKEN MANDI,28,28,31.6
2014-05-30,CHICKEN MANDI,32,27,20.7
2014-05-31,CHICKEN MANDI,28,15,30.5
2014-06-01,CHICKEN MANDI,51,27,25.1
2014-06-02,CHICKEN MANDI,49,27,18.3
2014-06-03,CHICKEN MANDI,9,28,6.6
2014-06-04,CHICKEN MANDI,45,22,15.5
2014-06-05,CHICKEN MANDI,22,17,18.7
2014-06-06,CHICKEN MANDI,32,16,28.4
2014-06-07,CHICKEN MANDI,5,15,16.2
2014-06-08,CHICKEN MANDI,23,28,29.5
2014-06-09,CHICKEN MANDI,5,17,22.4
2014-06-10,CHICKEN MANDI,42,29,5.2
2014-06-11,CHICKEN MANDI,32,16,32.6
2014-06-12,CHICKEN MANDI,10,16,17.7
2014-06-13,CHICKEN MANDI,39,20,13.3
2014-06-14,CHICKEN MANDI,15,26,21.9
2014-06-15,CHICKEN MANDI,7,15,4.3
2014-06-16,CHICKEN MANDI,29,16,21.2
2014-06-17,CHICKEN MANDI,47,28,16.7
2014-06-18,CHICKEN MANDI,3,20,13.8
2014-06-19,CHICKEN MANDI,19,17,31.3
2014-06-20,CHICKEN MANDI,10,29,17.5
2014-06-21,CHICKEN MANDI,28,18,7.8
2014-06-22,CHICKEN MANDI,29,15,15.5
2014-06-23,CHICKEN MANDI,15,22,30.2
2014-06-24,CHICKEN MANDI,35,27,6.4
2014-06-25,CHICKEN MANDI,6,21,7.6
2014-06-26,CHICKEN MANDI,12,21,1.2
2014-06-27,CHICKEN MANDI,47,17,1.3
2014-06-28,CHICKEN MANDI,38,24,27.3
2014-06-29,CHICKEN MANDI,13,24,24.2
2014-06-30,CHICKEN MANDI,29,17,12.2
2014-07-01,CHICKEN MANDI,19,28,23.1
2014-07-02,CHICKEN MANDI,3,16,13.4
2014-07-03,CHICKEN MANDI,8,26,31.3
2014-07-04,CHICKEN MANDI,8,15,31.7
2014-07-05,CHICKEN MANDI,20,21,13.4
2014-07-06,CHICKEN MANDI,47,21,28.1
2014-07-07,CHICKEN MANDI,4,26,25.5
2014-07-08,CHICKEN MANDI,51,16,10.7
2014-07-09,CHICKEN MANDI,21,21,8.2
2014-07-10,CHICKEN MANDI,3,27,15.5
2014-07-11,CHICKEN MANDI,45,22,25.8
2014-07-12,CHICKEN MANDI,8,15,31.5
2014-07-13,CHICKEN MANDI,23,23,25.2
2014-07-14,CHICKEN MANDI,16,21,28.2
2014-07-15,CHICKEN MANDI,13,17,20.1
2014-07-16,CHICKEN MANDI,3,22,27.5
2014-07-17,CHICKEN MANDI,48,21,25.9
2014-07-18,CHICKEN MANDI,9,25,12.9
2014-07-19,CHICKEN MANDI,14,29,18.5
2014-07-20,CHICKEN MANDI,13,27,26.6
2014-07-21,CHICKEN MANDI,7,22,2.3
2014-07-22,CHICKEN MANDI,15,20,26.7
2014-07-23,CHICKEN MANDI,7,23,6.5
2014-07-24,CHICKEN MANDI,38,29,17.3
2014-07-25,CHICKEN MANDI,34,19,26.7
2014-07-26,CHICKEN MANDI,41,17,8.9
2014-07-27,CHICKEN MANDI,22,17,8.7
2014-07-28,CHICKEN MANDI,24,15,13.7
2014-07-29,CHICKEN MANDI,49,26,29.4
2014-07-30,CHICKEN MANDI,37,29,0.8
2014-07-31,CHICKEN MANDI,44,22,29.6
2014-08-01,CHICKEN MANDI,1,16,5.7
2014-08-02,CHICKEN MANDI,10,17,32.5
2014-08-03,CHICKEN MANDI,43,22,31.4
2014-08-04,CHICKEN MANDI,16,28,16.6
2014-08-05,CHICKEN MANDI,46,22,17.2
2014-08-06,CHICKEN MANDI,8,28,16.2
2014-08-07,CHICKEN MANDI,49,25,21.1
2014-08-08,CHICKEN MANDI,25,18,3.7
2014-08-09,CHICKEN MANDI,50,18,1.8
2014-08-10,CHICKEN MANDI,12,19,2.6
2014-08-11,CHICKEN MANDI,25,20,15.0
2014-08-12,CHICKEN MANDI,17,19,9.6
2014-08-13,CHICKEN MANDI,26,28,20.7
2014-08-14,CHICKEN MANDI,46,29,32.6
2014-08-15,CHICKEN MANDI,48,21,13.2
2014-08-16,CHICKEN MANDI,14,16,19.2
2014-08-17,CHICKEN MANDI,41,21,14.1
2014-08-18,CHICKEN MANDI,36,24,27.9
2014-08-19,CHICKEN MANDI,23,21,29.7
2014-08-20,CHICKEN MANDI,43,15,28.9
2014-08-21,CHICKEN MANDI,6,21,32.0
2014-08-22,CHICKEN MANDI,47,19,1.7
2014-08-23,CHICKEN MANDI,5,17,27.7
2014-08-24,CHICKEN MANDI,43,27,24.9
2014-08-25,CHICKEN MANDI,25,17,8.1
2014-08-26,CHICKEN MANDI,18,18,31.4
2014-08-27,CHICKEN MANDI,13,27,5.5
2014-08-28,CHICKEN MANDI,43,26,22.5
2014-08-29,CHICKEN MANDI,14,16,8.0
2014-08-30,CHICKEN MANDI,28,16,14.6
2014-08-31,CHICKEN MANDI,18,15,23.8
2014-09-01,CHICKEN MANDI,28,29,18.8
2014-09-02,CHICKEN MANDI,51,19,14.5
2014-09-03,CHICKEN MANDI,27,18,11.2
2014-09-04,CHICKEN MANDI,32,25,27.7
2014-09-05,CHICKEN MANDI,47,24,5.4
2014-09-06,CHICKEN MANDI,9,29,14.6
2014-09-07,CHICKEN MANDI,40,16,29.7
2014-09-08,CHICKEN MANDI,32,17,27.9
2014-09-09,CHICKEN MANDI,20,21,13.6
2014-09-10,CHICKEN MANDI,28,21,25.2
2014-09-11,CHICKEN MANDI,33,26,27.1
2014-09-12,CHICKEN MANDI,4,18,29.2
2014-09-13,CHICKEN MANDI,46,19,18.2
2014-09-14,CHICKEN MANDI,34,19,7.3
2014-09-15,CHICKEN MANDI,48,20,9.0
2014-09-16,CHICKEN MANDI,3,28,10.3
2014-09-17,CHICKEN MANDI,26,23,19.8
2014-09-18,CHICKEN MANDI,8,16,1.8
2014-09-19,CHICKEN MANDI,6,19,21.2
2014-09-20,CHICKEN MANDI,16,26,12.5
2014-09-21,CHICKEN MANDI,24,17,10.2
2014-09-22,CHICKEN MANDI,48,18,28.9
2014-09-23,CHICKEN MANDI,39,24,15.5
2014-09-24,CHICKEN MANDI,30,20,3.8
2014-09-25,CHICKEN MANDI,45,26,27.3
2014-09-26,CHICKEN MANDI,13,22,2.3
2014-09-27,CHICKEN MANDI,5,15,24.1
2014-09-28,CHICKEN MANDI,25,24,25.6
2014-09-29,CHICKEN MANDI,20,28,12.1
2014-09-30,CHICKEN MANDI,18,22,27.2
2014-10-01,CHICKEN MANDI,47,25,17.3
2014-10-02,CHICKEN MANDI,18,28,15.6
2014-10-03,CHICKEN MANDI,2,21,2.3
2014-10-04,CHICKEN MANDI,10,15,10.1
2014-10-05,CHICKEN MANDI,45,16,30.6
2014-10-06,CHICKEN MANDI,50,17,13.3
2014-10-07,CHICKEN MANDI,47,15,18.3
2014-10-08,CHICKEN MANDI,12,28,17.8
2014-10-09,CHICKEN MANDI,47,23,19.7
2014-10-10,CHICKEN MANDI,13,22,2.8
2014-10-11,CHICKEN MANDI,50,16,12.4
2014-10-12,CHICKEN MANDI,47,27,23.9
2014-10-13,CHICKEN MANDI,11,23,7.2
2014-10-14,CHICKEN MANDI,19,21,7.3
2014-10-15,CHICKEN MANDI,35,23,1.1
2014-10-16,CHICKEN MANDI,39,20,14.8
2014-10-17,CHICKEN MANDI,26,20,29.0
2014-10-18,CHICKEN MANDI,46,25,2.5
2014-10-19,CHICKEN MANDI,14,28,6.9
2014-10-20,CHICKEN MANDI,45,18,10.7
2014-10-21,CHICKEN MANDI,44,24,24.2
2014-10-22,CHICKEN MANDI,24,24,21.3
2014-10-23,CHICKEN MANDI,41,27,14.1
2014-10-24,CHICKEN MANDI,1,27,25.1
2014-10-25,CHICKEN MANDI,51,16,20.3
2014-10-26,CHICKEN MANDI,43,21,29.5
2014-10-27,CHICKEN MANDI,22,19,27.0
2014-10-28,CHICKEN MANDI,23,25,8.9
2014-10-29,CHICKEN MANDI,19,20,9.5
2014-10-30,CHICKEN MANDI,18,16,4.8
2014-10-31,CHICKEN MANDI,12,19,11.6
2014-11-01,CHICKEN MANDI,28,24,32.8
2014-11-02,CHICKEN MANDI,28,18,13.8
2014-11-03,CHICKEN MANDI,33,23,7.9
2014-11-04,CHICKEN MANDI,19,20,25.2
2014-11-05,CHICKEN MANDI,28,16,18.2
2014-11-06,CHICKEN MANDI,52,15,5.6
2014-11-07,CHICKEN MANDI,49,19,13.0
2014-11-08,CHICKEN MANDI,37,23,14.1
2014-11-09,CHICKEN MANDI,26,20,24.9
2014-11-10,CHICKEN MANDI,35,24,1.5
2014-11-11,CHICKEN MANDI,34,26,9.4
2014-11-12,CHICKEN MANDI,35,21,17.4
2014-11-13,CHICKEN MANDI,40,19,9.4
2014-11-14,CHICKEN MANDI,16,24,20.9
2014-11-15,CHICKEN MANDI,38,20,16.2
2014-11-16,CHICKEN MANDI,13,19,12.4
2014-11-17,CHICKEN MANDI,23,25,31.2
2014-11-18,CHICKEN MANDI,22,23,21.0
2014-11-19,CHICKEN MANDI,16,29,5.0
2014-11-20,CHICKEN MANDI,28,20,18.7
2014-11-21,CHICKEN MANDI,48,25,25.8
2014-11-22,CHICKEN MANDI,35,22,23.5
2014-11-23,CHICKEN MANDI,45,16,6.3
2014-11-24,CHICKEN MANDI,46,26,31.9
2014-11-25,CHICKEN MANDI,8,27,15.2
2014-11-26,CHICKEN MANDI,44,23,5.9
2014-11-27,CHICKEN MANDI,22,19,6.6
2014-11-28,CHICKEN MANDI,21,21,3.9
2014-11-29,CHICKEN MANDI,26,24,26.5
2014-11-30,CHICKEN MANDI,40,27,4.7
2014-12-01,CHICKEN MANDI,21,15,4.8
2014-12-02,CHICKEN MANDI,25,24,28.0
2014-12-03,CHICKEN MANDI,41,19,11.8
2014-12-04,CHICKEN MANDI,1,26,1.8
2014-12-05,CHICKEN MANDI,6,28,2.5
2014-12-06,CHICKEN MANDI,23,24,5.3
2014-12-07,CHICKEN MANDI,51,28,7.6
2014-12-08,CHICKEN MANDI,23,16,22.1
2014-12-09,CHICKEN MANDI,43,26,5.8
2014-12-10,CHICKEN MANDI,43,20,4.6
2014-12-11,CHICKEN MANDI,23,25,25.3
2014-12-12,CHICKEN MANDI,32,15,22.3
2014-12-13,CHICKEN MANDI,30,17,14.7
2014-12-14,CHICKEN MANDI,13,19,18.4
2014-12-15,CHICKEN MANDI,43,18,10.8
2014-12-16,CHICKEN MANDI,18,17,16.2
2014-12-17,CHICKEN MANDI,23,24,17.0
2014-12-18,CHICKEN MANDI,15,27,13.2
2014-12-19,CHICKEN MANDI,33,19,29.8
2014-12-20,CHICKEN MANDI,21,25,1.3
2014-12-21,CHICKEN MANDI,39,22,25.8
2014-12-22,CHICKEN MANDI,23,25,4.8
2014-12-23,CHICKEN MANDI,27,18,26.3
2014-12-24,CHICKEN MANDI,45,15,20.5
2014-12-25,CHICKEN MANDI,44,25,27.8
2014-12-26,CHICKEN MANDI,18,21,3.9
2014-12-27,CHICKEN MANDI,24,22,18.7
2014-12-28,CHICKEN MANDI,51,17,16.8
2014-12-29,CHICKEN MANDI,47,20,23.4
2014-12-30,CHICKEN MANDI,40,16,17.9
2014-12-31,CHICKEN MANDI,51,21,18.1
2015-01-01,CHICKEN MANDI,42,29,14.5
2015-01-02,CHICKEN MANDI,7,22,10.7
2015-01-03,CHICKEN MANDI,50,20,16.2
2015-01-04,CHICKEN MANDI,48,20,4.6
2015-01-05,CHICKEN MANDI,20,19,31.6
2015-01-06,CHICKEN MANDI,27,22,23.7
2015-01-07,CHICKEN MANDI,6,15,31.3
2015-01-08,CHICKEN MANDI,27,24,8.1
2015-01-09,CHICKEN MANDI,9,18,28.9
2015-01-10,CHICKEN MANDI,45,29,26.7
2015-01-11,CHICKEN MANDI,31,18,22.5
2015-01-12,CHICKEN MANDI,21,17,20.8
2015-01-13,CHICKEN MANDI,26,17,10.9
2015-01-14,CHICKEN MANDI,40,18,26.9
2015-01-15,CHICKEN MANDI,48,25,16.8
2015-01-16,CHICKEN MANDI,45,15,3.1
2015-01-17,CHICKEN MANDI,13,28,10.8
2015-01-18,CHICKEN MANDI,49,25,30.7
2015-01-19,CHICKEN MANDI,23,27,28.0
2015-01-20,CHICKEN MANDI,20,25,32.2
2015-01-21,CHICKEN MANDI,37,16,20.9
2015-01-22,CHICKEN MANDI,28,23,8.7
2015-01-23,CHICKEN MANDI,17,24,6.0
2015-01-24,CHICKEN MANDI,28,16,6.8
2015-01-25,CHICKEN MANDI,41,19,1.4
2015-01-26,CHICKEN MANDI,2,23,13.3
2015-01-27,CHICKEN MANDI,25,23,6.9
2015-01-28,CHICKEN MANDI,50,22,14.0
2015-01-29,CHICKEN MANDI,41,15,30.7
2015-01-30,CHICKEN MANDI,6,15,14.6
2015-01-31,CHICKEN MANDI,11,23,28.9
2015-02-01,CHICKEN MANDI,38,27,20.2
2015-02-02,CHICKEN MANDI,6,25,8.7
2015-02-03,CHICKEN MANDI,45,22,12.2
2015-02-04,CHICKEN MANDI,11,24,3.5
2015-02-05,CHICKEN MANDI,14,23,11.5
2015-02-06,CHICKEN MANDI,2,21,22.5
2015-02-07,CHICKEN MANDI,40,17,3.1
2015-02-08,CHICKEN MANDI,3,17,7.4
2015-02-09,CHICKEN MANDI,35,16,13.0
2015-02-10,CHICKEN MANDI,33,19,32.2
2015-02-11,CHICKEN MANDI,24,26,25.9
2015-02-12,CHICKEN MANDI,19,26,24.3
2015-02-13,CHICKEN MANDI,18,17,4.5
2015-02-14,CHICKEN MANDI,49,28,25.8
2015-02-15,CHICKEN MANDI,52,20,25.9
2015-02-16,CHICKEN MANDI,24,16,20.0
2015-02-17,CHICKEN MANDI,45,26,32.5
2015-02-18,CHICKEN MANDI,35,17,11.2
2015-02-19,CHICKEN MANDI,1,19,30.9
2015-02-20,CHICKEN MANDI,36,26,30.1
2015-02-21,CHICKEN MANDI,25,25,1.2
2015-02-22,CHICKEN MANDI,45,25,15.2
2015-02-23,CHICKEN MANDI,49,15,32.1
2015-02-24,CHICKEN MANDI,43,27,4.1
2015-02-25,CHICKEN MANDI,34,15,18.3
2015-02-26,CHICKEN MANDI,25,24,32.1
2015-02-27,CHICKEN MANDI,16,23,18.6
2015-02-28,CHICKEN MANDI,34,21,6.9
2015-03-01,CHICKEN MANDI,29,15,19.4
2015-03-02,CHICKEN MANDI,19,29,7.3
2015-03-03,CHICKEN MANDI,23,26,17.4
2015-03-04,CHICKEN MANDI,19,28,3.2
2015-03-05,CHICKEN MANDI,25,22,20.2
2015-03-06,CHICKEN MANDI,16,17,17.3
2015-03-07,CHICKEN MANDI,51,22,24.5
2015-03-08,CHICKEN MANDI,9,29,21.0
2015-03-09,CHICKEN MANDI,1,19,18.4
2015-03-10,CHICKEN MANDI,42,15,22.9
2015-03-11,CHICKEN MANDI,19,21,5.4
2015-03-12,CHICKEN MANDI,33,19,19.9
2015-03-13,CHICKEN MANDI,34,20,6.3
2015-03-14,CHICKEN MANDI,16,20,30.4
2015-03-15,CHICKEN MANDI,44,22,3.0
2015-03-16,CHICKEN MANDI,40,23,14.6
2015-03-17,CHICKEN MANDI,18,16,23.1
2015-03-18,CHICKEN MANDI,34,23,15.5
2015-03-19,CHICKEN MANDI,25,26,3.7
2015-03-20,CHICKEN MANDI,45,29,18.5
2015-03-21,CHICKEN MANDI,6,25,21.3
2015-03-22,CHICKEN MANDI,21,24,23.3
2015-03-23,CHICKEN MANDI,6,23,12.7
2015-03-24,CHICKEN MANDI,32,27,18.8
2015-03-25,CHICKEN MANDI,41,24,15.2
2015-03-26,CHICKEN MANDI,48,29,22.3
2015-03-27,CHICKEN MANDI,43,24,19.5
2015-03-28,CHICKEN MANDI,39,21,17.6
2015-03-29,CHICKEN MANDI,31,15,8.8
2015-03-30,CHICKEN MANDI,42,21,0.9
2015-03-31,CHICKEN MANDI,10,24,6.4
2015-04-01,CHICKEN MANDI,30,19,4.5
2015-04-02,CHICKEN MANDI,52,20,15.2
2015-04-03,CHICKEN MANDI,18,24,20.4
2015-04-04,CHICKEN MANDI,24,21,7.6
2015-04-05,CHICKEN MANDI,52,28,30.8
2015-04-06,CHICKEN MANDI,9,29,1.0
2015-04-07,CHICKEN MANDI,31,19,25.5
2015-04-08,CHICKEN MANDI,15,21,20.8
2015-04-09,CHICKEN MANDI,4,23,12.8
2015-04-10,CHICKEN MANDI,40,17,2.4
2015-04-11,CHICKEN MANDI,9,22,20.9
2015-04-12,CHICKEN MANDI,45,16,13.1
2015-04-13,CHICKEN MANDI,9,25,30.8
2015-04-14,CHICKEN MANDI,26,21,18.1
2015-04-15,CHICKEN MANDI,4,27,30.9
2015-04-16,CHICKEN MANDI,17,16,7.9
2015-04-17,CHICKEN MANDI,16,29,24.0
2015-04-18,CHICKEN MANDI,15,28,20.6
2015-04-19,CHICKEN MANDI,35,18,24.5
2015-04-20,CHICKEN MANDI,52,21,7.7
2015-04-21,CHICKEN MANDI,5,17,22.1
2015-04-22,CHICKEN MANDI,5,16,16.7
2015-04-23,CHICKEN MANDI,20,25,24.6
2015-04-24,CHICKEN MANDI,15,24,11.3
2015-04-25,CHICKEN MANDI,18,21,29.3
2015-04-26,CHICKEN MANDI,47,15,3.5
2015-04-27,CHICKEN MANDI,2,28,26.6
2015-04-28,CHICKEN MANDI,29,29,28.4
2015-04-29,CHICKEN MANDI,13,22,27.0
2015-04-30,CHICKEN MANDI,4,17,17.2
2015-05-01,CHICKEN MANDI,42,26,14.8
2015-05-02,CHICKEN MANDI,45,26,32.7
2015-05-03,CHICKEN MANDI,10,27,8.1
2015-05-04,CHICKEN MANDI,31,16,18.3
2015-05-05,CHICKEN MANDI,41,17,22.3
2015-05-06,CHICKEN MANDI,8,19,23.2
2015-05-07,CHICKEN MANDI,3,25,7.3
2015-05-08,CHICKEN MANDI,48,22,21.7
2015-05-09,CHICKEN MANDI,46,24,27.0
2015-05-10,CHICKEN MANDI,9,21,2.4
2015-05-11,CHICKEN MANDI,30,21,30.0
2015-05-12,CHICKEN MANDI,11,26,1.7
2015-05-13,CHICKEN MANDI,35,21,12.2
2015-05-14,CHICKEN MANDI,37,29,1.3
2015-05-15,CHICKEN MANDI,42,22,3.3
2015-05-16,CHICKEN MANDI,13,15,30.0
2015-05-17,CHICKEN MANDI,36,18,12.2
2015-05-18,CHICKEN MANDI,13,27,14.4
2015-05-19,CHICKEN MANDI,12,20,7.7
2015-05-20,CHICKEN MANDI,37,23,19.9
2015-05-21,CHICKEN MANDI,10,27,19.8
2015-05-22,CHICKEN MANDI,9,16,12.7
2015-05-23,CHICKEN MANDI,52,15,11.5
2015-05-24,CHICKEN MANDI,7,27,29.1
2015-05-25,CHICKEN MANDI,2,24,13.1
2015-05-26,CHICKEN MANDI,23,26,16.6
2015-05-27,CHICKEN MANDI,39,28,9.9
2015-05-28,CHICKEN MANDI,40,16,26.0
2015-05-29,CHICKEN MANDI,39,21,13.5
2015-05-30,CHICKEN MANDI,21,17,17.2
2015-05-31,CHICKEN MANDI,23,24,8.9
2015-06-01,CHICKEN MANDI,29,16,32.4
2015-06-02,CHICKEN MANDI,14,28,10.1
2015-06-03,CHICKEN MANDI,26,25,25.5
2015-06-04,CHICKEN MANDI,51,21,14.5
2015-06-05,CHICKEN MANDI,5,27,7.4
2015-06-06,CHICKEN MANDI,31,27,26.4
2015-06-07,CHICKEN MANDI,25,16,11.5
2015-06-08,CHICKEN MANDI,31,17,28.5
2015-06-09,CHICKEN MANDI,50,25,30.1
2015-06-10,CHICKEN MANDI,20,21,28.3
2015-06-11,CHICKEN MANDI,44,28,1.9
2015-06-12,CHICKEN MANDI,17,18,26.0
2015-06-13,CHICKEN MANDI,45,27,14.0
2015-06-14,CHICKEN MANDI,2,28,28.8
2015-06-15,CHICKEN MANDI,25,15,21.2
2015-06-16,CHICKEN MANDI,13,27,27.5
2015-06-17,CHICKEN MANDI,39,28,16.8
2015-06-18,CHICKEN MANDI,28,19,17.9
2015-06-19,CHICKEN MANDI,42,26,5.4
2015-06-20,CHICKEN MANDI,6,23,25.9
2015-06-21,CHICKEN MANDI,3,22,14.2
2015-06-22,CHICKEN MANDI,35,26,16.8
2015-06-23,CHICKEN MANDI,18,29,25.9
2015-06-24,CHICKEN MANDI,11,23,20.0
2015-06-25,CHICKEN MANDI,20,24,7.2
2015-06-26,CHICKEN MANDI,5,28,19.7
2015-06-27,CHICKEN MANDI,19,23,13.8
2015-06-28,CHICKEN MANDI,22,29,15.8
2015-06-29,CHICKEN MANDI,19,21,1.7
2015-06-30,CHICKEN MANDI,47,18,7.5
2015-07-01,CHICKEN MANDI,16,19,9.8
2015-07-02,CHICKEN MANDI,24,15,23.6
2015-07-03,CHICKEN MANDI,41,28,1.2
2015-07-04,CHICKEN MANDI,4,15,13.9
2015-07-05,CHICKEN MANDI,15,17,30.4
2015-07-06,CHICKEN MANDI,25,27,4.4
2015-07-07,CHICKEN MANDI,44,28,17.3
2015-07-08,CHICKEN MANDI,35,22,26.0
2015-07-09,CHICKEN MANDI,14,28,31.0
2015-07-10,CHICKEN MANDI,49,16,24.7
2015-07-11,CHICKEN MANDI,19,18,23.9
2015-07-12,CHICKEN MANDI,38,16,27.2
2015-07-13,CHICKEN MANDI,36,28,15.1
2015-07-14,CHICKEN MANDI,7,19,26.6
2015-07-15,CHICKEN MANDI,30,23,1.1
2015-07-16,CHICKEN MANDI,19,15,30.4
2015-07-17,CHICKEN MANDI,49,19,15.0
2015-07-18,CHICKEN MANDI,25,28,18.5
2015-07-19,CHICKEN MANDI,16,29,9.0
2015-07-20,CHICKEN MANDI,47,23,24.6
2015-07-21,CHICKEN MANDI,40,29,3.3
2015-07-22,CHICKEN MANDI,51,15,28.7
2015-07-23,CHICKEN MANDI,8,23,27.3
2015-07-24,CHICKEN MANDI,18,22,7.7
2015-07-25,CHICKEN MANDI,28,18,26.7
2015-07-26,CHICKEN MANDI,16,26,26.0
2015-07-27,CHICKEN MANDI,52,25,21.0
2015-07-28,CHICKEN MANDI,19,24,12.8
2015-07-29,CHICKEN MANDI,42,19,9.5
2015-07-30,CHICKEN MANDI,17,27,8.2
2015-07-31,CHICKEN MANDI,45,19,11.0
2015-08-01,CHICKEN MANDI,13,25,29.7
2015-08-02,CHICKEN MANDI,7,26,3.3
2015-08-03,CHICKEN MANDI,27,20,27.3
2015-08-04,CHICKEN MANDI,10,21,12.0
2015-08-05,CHICKEN MANDI,34,22,17.5
2015-08-06,CHICKEN MANDI,36,29,26.2
2015-08-07,CHICKEN MANDI,25,28,29.1
2015-08-08,CHICKEN MANDI,6,22,11.8
2015-08-09,CHICKEN MANDI,24,25,15.6
2015-08-10,CHICKEN MANDI,18,28,14.1
2015-08-11,CHICKEN MANDI,23,27,1.2
2015-08-12,CHICKEN MANDI,6,16,10.3
2015-08-13,CHICKEN MANDI,29,23,15.5
2015-08-14,CHICKEN MANDI,25,21,14.0
2015-08-15,CHICKEN MANDI,17,18,23.9
2015-08-16,CHICKEN MANDI,46,18,13.1
2015-08-17,CHICKEN MANDI,24,25,16.5
2015-08-18,CHICKEN MANDI,11,22,14.5
2015-08-19,CHICKEN MANDI,26,18,24.5
2015-08-20,CHICKEN MANDI,51,27,28.4
2015-08-21,CHICKEN MANDI,34,29,17.8
2015-08-22,CHICKEN MANDI,28,20,26.1
2015-08-23,CHICKEN MANDI,3,19,10.3
2015-08-24,CHICKEN MANDI,11,17,18.1
2015-08-25,CHICKEN MANDI,38,27,11.8
2015-08-26,CHICKEN MANDI,14,28,14.1
2015-08-27,CHICKEN MANDI,51,24,24.2
2015-08-28,CHICKEN MANDI,26,25,29.0
2015-08-29,CHICKEN MANDI,48,16,4.7
2015-08-30,CHICKEN MANDI,21,23,21.1
2015-08-31,CHICKEN MANDI,39,24,19.4
2015-09-01,CHICKEN MANDI,30,23,4.6
2015-09-02,CHICKEN MANDI,8,15,7.6
2015-09-03,CHICKEN MANDI,51,24,10.8
2015-09-04,CHICKEN MANDI,20,17,6.1
2015-09-05,CHICKEN MANDI,48,22,8.6
2015-09-06,CHICKEN MANDI,32,20,9.4
2015-09-07,CHICKEN MANDI,22,19,11.5
2015-09-08,CHICKEN MANDI,7,19,24.8
2015-09-09,CHICKEN MANDI,9,20,19.1
2015-09-10,CHICKEN MANDI,45,29,32.4
2015-09-11,CHICKEN MANDI,1,21,14.1
2015-09-12,CHICKEN MANDI,29,15,24.9
2015-09-13,CHICKEN MANDI,8,23,28.7
2015-09-14,CHICKEN MANDI,4,17,22.5
2015-09-15,CHICKEN MANDI,35,18,14.0
2015-09-16,CHICKEN MANDI,3,24,24.9
2015-09-17,CHICKEN MANDI,45,15,7.3
2015-09-18,CHICKEN MANDI,40,27,11.3
2015-09-19,CHICKEN MANDI,7,25,18.3
2015-09-20,CHICKEN MANDI,27,24,19.2
2015-09-21,CHICKEN MANDI,1,17,1.5
2015-09-22,CHICKEN MANDI,27,16,31.0
2015-09-23,CHICKEN MANDI,16,16,23.1
2015-09-24,CHICKEN MANDI,38,28,16.7
2015-09-25,CHICKEN MANDI,7,15,30.7
2015-09-26,CHICKEN MANDI,44,22,14.9
2015-09-27,CHICKEN MANDI,23,17,32.2
2015-09-28,CHICKEN MANDI,41,17,17.2
2015-09-29,CHICKEN MANDI,11,20,4.5
2015-09-30,CHICKEN MANDI,42,27,25.3
2015-10-01,CHICKEN MANDI,33,22,22.5
2015-10-02,CHICKEN MANDI,50,27,25.5
2015-10-03,CHICKEN MANDI,36,29,31.2
2015-10-04,CHICKEN MANDI,37,23,25.6
2015-10-05,CHICKEN MANDI,41,23,20.4
2015-10-06,CHICKEN MANDI,17,18,28.2
2015-10-07,CHICKEN MANDI,35,28,22.3
2015-10-08,CHICKEN MANDI,48,19,13.9
2015-10-09,CHICKEN MANDI,5,16,29.1
2015-10-10,CHICKEN MANDI,48,25,7.9
2015-10-11,CHICKEN MANDI,32,23,23.7
2015-10-12,CHICKEN MANDI,3,22,29.0
2015-10-13,CHICKEN MANDI,52,17,24.2
2015-10-14,CHICKEN MANDI,47,25,23.1
2015-10-15,CHICKEN MANDI,35,26,24.9
2015-10-16,CHICKEN MANDI,52,27,15.7
2015-10-17,CHICKEN MANDI,14,23,28.8
2015-10-18,CHICKEN MANDI,48,17,7.3
2015-10-19,CHICKEN MANDI,31,23,4.9
2015-10-20,CHICKEN MANDI,31,16,9.9
2015-10-21,CHICKEN MANDI,17,26,17.8
2015-10-22,CHICKEN MANDI,24,24,17.1
2015-10-23,CHICKEN MANDI,52,23,27.1
2015-10-24,CHICKEN MANDI,23,29,13.7
2015-10-25,CHICKEN MANDI,18,22,16.3
2015-10-26,CHICKEN MANDI,50,23,1.2
2015-10-27,CHICKEN MANDI,14,19,13.9
2015-10-28,CHICKEN MANDI,50,25,21.5
2015-10-29,CHICKEN MANDI,15,25,1.3
2015-10-30,CHICKEN MANDI,15,16,9.8
2015-10-31,CHICKEN MANDI,6,22,7.5
2015-11-01,CHICKEN MANDI,27,26,2.1
2015-11-02,CHICKEN MANDI,15,29,16.1
2015-11-03,CHICKEN MANDI,50,20,6.6
2015-11-04,CHICKEN MANDI,36,22,24.6
2015-11-05,CHICKEN MANDI,8,25,27.9
2015-11-06,CHICKEN MANDI,15,19,18.3
2015-11-07,CHICKEN MANDI,3,24,32.2
2015-11-08,CHICKEN MANDI,47,16,15.2
2015-11-09,CHICKEN MANDI,13,20,17.2
2015-11-10,CHICKEN MANDI,41,19,32.5
2015-11-11,CHICKEN MANDI,34,26,8.2
2015-11-12,CHICKEN MANDI,24,27,31.0
2015-11-13,CHICKEN MANDI,40,26,2.2
2015-11-14,CHICKEN MANDI,32,19,15.1
2015-11-15,CHICKEN MANDI,32,27,3.0
2015-11-16,CHICKEN MANDI,30,15,24.1
2015-11-17,CHICKEN MANDI,52,16,20.3
2015-11-18,CHICKEN MANDI,49,22,23.4
2015-11-19,CHICKEN MANDI,13,27,12.8
2015-11-20,CHICKEN MANDI,1,28,12.6
2015-11-21,CHICKEN MANDI,34,27,2.3
2015-11-22,CHICKEN MANDI,15,17,12.0
2015-11-23,CHICKEN MANDI,44,24,30.5
2015-11-24,CHICKEN MANDI,14,17,12.9
2015-11-25,CHICKEN MANDI,29,22,27.4
2015-11-26,CHICKEN MANDI,34,22,27.8
2015-11-27,CHICKEN MANDI,18,16,12.7
2015-11-28,CHICKEN MANDI,7,22,21.0
2015-11-29,CHICKEN MANDI,29,25,3.9
2015-11-30,CHICKEN MANDI,31,27,4.1
2015-12-01,CHICKEN MANDI,25,27,2.4
2015-12-02,CHICKEN MANDI,38,15,19.4
2015-12-03,CHICKEN MANDI,14,20,14.4
2015-12-04,CHICKEN MANDI,8,22,18.3
2015-12-05,CHICKEN MANDI,27,17,17.5
2015-12-06,CHICKEN MANDI,2,22,12.0
2015-12-07,CHICKEN MANDI,17,26,22.5
2015-12-08,CHICKEN MANDI,37,15,25.1
2015-12-09,CHICKEN MANDI,14,25,1.3
2015-12-10,CHICKEN MANDI,25,25,7.4
2015-12-11,CHICKEN MANDI,30,23,23.6
2015-12-12,CHICKEN MANDI,29,27,13.2
2015-12-13,CHICKEN MANDI,20,25,22.0
2015-12-14,CHICKEN MANDI,21,27,11.9
2015-12-15,CHICKEN MANDI,22,23,13.3
2015-12-16,CHICKEN MANDI,35,19,5.9
2015-12-17,CHICKEN MANDI,37,24,9.1
2015-12-18,CHICKEN MANDI,16,18,20.2
2015-12-19,CHICKEN MANDI,50,29,14.7
2015-12-20,CHICKEN MANDI,49,25,25.6
2015-12-21,CHICKEN MANDI,43,20,28.1
2015-12-22,CHICKEN MANDI,17,26,18.1
2015-12-23,CHICKEN MANDI,16,21,25.1
2015-12-24,CHICKEN MANDI,2,19,10.6
2015-12-25,CHICKEN MANDI,4,25,14.1
2015-12-26,CHICKEN MANDI,21,27,23.6
2015-12-27,CHICKEN MANDI,39,24,13.2
2015-12-28,CHICKEN MANDI,34,23,19.6
2015-12-29,CHICKEN MANDI,30,17,6.7
2015-12-30,CHICKEN MANDI,6,29,20.0
2015-12-31,CHICKEN MANDI,17,21,28.4
